2026-09-01 11:35:38 | INFO     | main:208 | Inicio de ejecución: 2026-09-01T11:35:38.792519
2026-09-01 11:35:38 | INFO     | main:89 | ============================================================
2026-09-01 11:35:38 | INFO     | main:90 | FASE 2: Conciliación de reportes
2026-09-01 11:35:38 | INFO     | main:91 | ============================================================
2026-09-01 11:35:39 | INFO     | conciliacion_datos:134 | [+] Reporte_31-08-26 (1).xlsx: 120 filas
2026-09-01 11:35:39 | INFO     | conciliacion_datos:134 | [+] Reporte_31-08-26 (2).xlsx: 1 filas
2026-09-01 11:35:39 | INFO     | conciliacion_datos:134 | [+] Reporte_31-08-26.xlsx: 628 filas
2026-09-01 11:35:39 | INFO     | conciliacion_datos:146 | Filtradas filas sin NOMBRE EXPEDIENTE: 749 -> 749
2026-09-01 11:35:39 | INFO     | conciliacion_datos:150 | [OK] Consolidado guardado: C:\Users\manue\OneDrive\Documents\Práctica contratación\06_DEV_prod\automatizacion-sistema-contratacion\output\conciliacion_datos.csv (749 filas)
2026-09-01 11:35:39 | INFO     | main:216 | Consolidado listo (749 filas): C:\Users\manue\OneDrive\Documents\Práctica contratación\06_DEV_prod\automatizacion-sistema-contratacion\output\conciliacion_datos.csv
2026-09-01 11:35:39 | INFO     | main:119 | ============================================================
2026-09-01 11:35:39 | INFO     | main:120 | FASE 3: Verificación en Alfresco
2026-09-01 11:35:39 | INFO     | main:121 | ============================================================
2026-09-01 11:35:39 | INFO     | alfresco_extractor:897 | Salida incremental: pasos=C:\Users\manue\OneDrive\Documents\Práctica contratación\06_DEV_prod\automatizacion-sistema-contratacion\output\verificacion_alfresco_pasos.csv | resumen=C:\Users\manue\OneDrive\Documents\Práctica contratación\06_DEV_prod\automatizacion-sistema-contratacion\output\verificacion_alfresco.csv
2026-09-01 11:35:41 | INFO     | alfresco_extractor:114 | Driver Chrome iniciado correctamente.
2026-09-01 11:35:41 | INFO     | alfresco_extractor:126 | Navegando a página de login Alfresco Share: https://gesdoc.uis.edu.co/share/page
2026-09-01 11:35:46 | INFO     | alfresco_extractor:161 | Autenticación exitosa para usuario: consulta_contratos
2026-09-01 11:35:46 | INFO     | alfresco_extractor:794 | CSV cargado: 749 filas. Columnas: ['NOMBRE EXPEDIENTE', 'NÚMERO CONTRATO', 'UAA', 'SERIE', 'SUBSERIE']
2026-09-01 11:35:46 | INFO     | alfresco_extractor:804 | CSV reordenado por ruta (UAA -> SERIE -> SUB-SERIE) para reutilizar nodos.
2026-09-01 11:35:46 | INFO     | alfresco_extractor:202 | Menú 'Repositorio' clickeado. Espere a que cargue la vista del repositorio.
2026-09-01 11:35:49 | INFO     | alfresco_extractor:217 | Árbol del repositorio cargado (raíz 'REPOSITORIO_UIS_0002').
2026-09-01 11:35:49 | INFO     | alfresco_extractor:677 | Buscando ruta UAA='1110_RECTORIA' | SERIE='C09_CONTRATOS' | SUB-SERIE='C09.08_ORDEN_COMPRA'
2026-09-01 11:35:56 | INFO     | alfresco_extractor:723 | Traza: BUSQUEDA | 000000000000000000 | OK
2026-09-01 11:35:56 | INFO     | alfresco_extractor:689 | Fast path: expediente '000000000000000000' localizado vía buscador global.
2026-09-01 11:35:56 | INFO     | alfresco_extractor:876 | [1/749] '000000000000000000' -> ENCONTRADO
2026-09-01 11:35:56 | INFO     | alfresco_extractor:677 | Buscando ruta UAA='1110_RECTORIA' | SERIE='C09_CONTRATOS' | SUB-SERIE='C09.08_ORDEN_COMPRA'
2026-09-01 11:36:01 | INFO     | alfresco_extractor:723 | Traza: BUSQUEDA | 0020_2026000214_7098 | OK
2026-09-01 11:36:01 | INFO     | alfresco_extractor:689 | Fast path: expediente '0020_2026000214_7098' localizado vía buscador global.
2026-09-01 11:36:01 | INFO     | alfresco_extractor:876 | [2/749] '0020_2026000214_7098' -> ENCONTRADO
2026-09-01 11:36:01 | INFO     | alfresco_extractor:677 | Buscando ruta UAA='1110_RECTORIA' | SERIE='C09_CONTRATOS' | SUB-SERIE='C09.19_CONTRATOS_INTERADMINISTRATIVOS'
2026-09-01 11:36:06 | INFO     | alfresco_extractor:723 | Traza: BUSQUEDA | ELIMINAR_CONTRATOS | OK
2026-09-01 11:36:06 | INFO     | alfresco_extractor:689 | Fast path: expediente 'ELIMINAR_CONTRATOS' localizado vía buscador global.
2026-09-01 11:36:06 | INFO     | alfresco_extractor:876 | [3/749] 'ELIMINAR_CONTRATOS' -> ENCONTRADO
2026-09-01 11:36:06 | INFO     | alfresco_extractor:677 | Buscando ruta UAA='1110_RECTORIA' | SERIE='C10_CONVENIOS' | SUB-SERIE='C10.11_CONVENIOS_INTERADMINISTRATIVOS'
2026-09-01 11:36:13 | INFO     | alfresco_extractor:723 | Traza: BUSQUEDA | ELIMINAR_CONVENIOS | OK
2026-09-01 11:36:13 | INFO     | alfresco_extractor:689 | Fast path: expediente 'ELIMINAR_CONVENIOS' localizado vía buscador global.
2026-09-01 11:36:13 | INFO     | alfresco_extractor:876 | [4/749] 'ELIMINAR_CONVENIOS' -> ENCONTRADO
2026-09-01 11:36:13 | INFO     | alfresco_extractor:677 | Buscando ruta UAA='1110_SEDE_GUATIGUARA' | SERIE='C09_CONTRATOS' | SUB-SERIE='C09.12_ORDEN_TRABAJO'
2026-09-01 11:36:16 | INFO     | alfresco_extractor:723 | Traza: BUSQUEDA | 0019_2026000108_7047 | OK
2026-09-01 11:36:16 | INFO     | alfresco_extractor:689 | Fast path: expediente '0019_2026000108_7047' localizado vía buscador global.
2026-09-01 11:36:16 | INFO     | alfresco_extractor:876 | [5/749] '0019_2026000108_7047' -> ENCONTRADO
2026-09-01 11:36:16 | INFO     | alfresco_extractor:677 | Buscando ruta UAA='1110_SEDE_GUATIGUARA' | SERIE='C09_CONTRATOS' | SUB-SERIE='C09.12_ORDEN_TRABAJO'
2026-09-01 11:36:18 | INFO     | alfresco_extractor:723 | Traza: BUSQUEDA | 0019_2026000112_7047 | OK
2026-09-01 11:36:18 | INFO     | alfresco_extractor:689 | Fast path: expediente '0019_2026000112_7047' localizado vía buscador global.
2026-09-01 11:36:18 | INFO     | alfresco_extractor:876 | [6/749] '0019_2026000112_7047' -> ENCONTRADO
2026-09-01 11:36:18 | INFO     | alfresco_extractor:677 | Buscando ruta UAA='1110_SEDE_GUATIGUARA' | SERIE='C09_CONTRATOS' | SUB-SERIE='C09.33_ORDEN_SUMINISTROS'
2026-09-01 11:36:40 | WARNING  | alfresco_extractor:543 | Fast path: sin resultados para '0298_2026000263_7047'.
2026-09-01 11:36:40 | WARNING  | alfresco_extractor:691 | Fast path sin éxito para '0298_2026000263_7047'; se restaura el árbol y se usa la ruta oficial.
2026-09-01 11:36:40 | INFO     | alfresco_extractor:202 | Menú 'Repositorio' clickeado. Espere a que cargue la vista del repositorio.
2026-09-01 11:36:41 | INFO     | alfresco_extractor:217 | Árbol del repositorio cargado (raíz 'REPOSITORIO_UIS_0002').
2026-09-01 11:36:41 | INFO     | alfresco_extractor:723 | Traza: REPOSITORIO | REPOSITORIO_UIS_0002 | OK
2026-09-01 11:36:41 | INFO     | alfresco_extractor:609 | Repositorio 'REPOSITORIO_UIS_0002' OK. Expandiendo...
2026-09-01 11:36:59 | INFO     | alfresco_extractor:723 | Traza: UAA | 1110_SEDE_GUATIGUARA | OK
2026-09-01 11:36:59 | INFO     | alfresco_extractor:623 | UAA '1110_SEDE_GUATIGUARA' OK. Expandiendo...
2026-09-01 11:37:06 | INFO     | alfresco_extractor:723 | Traza: SERIE | 1110_C09_CONTRATOS | OK
2026-09-01 11:37:06 | INFO     | alfresco_extractor:642 | SERIE '1110_C09_CONTRATOS' OK. Expandiendo...
2026-09-01 11:37:13 | INFO     | alfresco_extractor:723 | Traza: SUB-SERIE | 1110_C09.33_ORDEN_SUMINISTROS | OK
2026-09-01 11:37:14 | INFO     | alfresco_extractor:660 | Sub-serie '1110_C09.33_ORDEN_SUMINISTROS' alcanzada y seleccionada. Ruta completa OK.
2026-09-01 11:37:40 | INFO     | alfresco_extractor:723 | Traza: EXPEDIENTE | 0298_2026000263_7047 | NO
2026-09-01 11:37:40 | WARNING  | alfresco_extractor:713 | EXPEDIENTE '0298_2026000263_7047' no encontrado dentro de la subserie '1110_C09.33_ORDEN_SUMINISTROS'.
2026-09-01 11:37:40 | INFO     | alfresco_extractor:876 | [7/749] '0298_2026000263_7047' -> SUB-SERIE OK / EXP NO
2026-09-01 11:37:40 | INFO     | alfresco_extractor:677 | Buscando ruta UAA='1112_UISALUD' | SERIE='C09_CONTRATOS' | SUB-SERIE='C09.08_ORDEN_COMPRA'
2026-09-01 11:37:45 | INFO     | alfresco_extractor:723 | Traza: BUSQUEDA | 0020_2026000252_9708 | OK
2026-09-01 11:37:45 | INFO     | alfresco_extractor:689 | Fast path: expediente '0020_2026000252_9708' localizado vía buscador global.
2026-09-01 11:37:45 | INFO     | alfresco_extractor:876 | [8/749] '0020_2026000252_9708' -> ENCONTRADO
2026-09-01 11:37:45 | INFO     | alfresco_extractor:677 | Buscando ruta UAA='1112_UISALUD' | SERIE='C09_CONTRATOS' | SUB-SERIE='C09.11_ORDEN_PRESTACION_SERVICIOS'
2026-09-01 11:37:49 | INFO     | alfresco_extractor:723 | Traza: BUSQUEDA | 2025000009_9701 | OK
2026-09-01 11:37:49 | INFO     | alfresco_extractor:689 | Fast path: expediente '2025000009_9701' localizado vía buscador global.
2026-09-01 11:37:49 | INFO     | alfresco_extractor:876 | [9/749] '2025000009_9701' -> ENCONTRADO
2026-09-01 11:37:49 | INFO     | alfresco_extractor:677 | Buscando ruta UAA='1112_UISALUD' | SERIE='C09_CONTRATOS' | SUB-SERIE='C09.11_ORDEN_PRESTACION_SERVICIOS'
2026-09-01 11:37:52 | INFO     | alfresco_extractor:723 | Traza: BUSQUEDA | 2025000430_9701 | OK
2026-09-01 11:37:52 | INFO     | alfresco_extractor:689 | Fast path: expediente '2025000430_9701' localizado vía buscador global.
2026-09-01 11:37:52 | INFO     | alfresco_extractor:876 | [10/749] '2025000430_9701' -> ENCONTRADO
2026-09-01 11:37:52 | INFO     | alfresco_extractor:677 | Buscando ruta UAA='1112_UISALUD' | SERIE='C09_CONTRATOS' | SUB-SERIE='C09.11_ORDEN_PRESTACION_SERVICIOS'
2026-09-01 11:37:55 | INFO     | alfresco_extractor:723 | Traza: BUSQUEDA | 2025001471_9701 | OK
2026-09-01 11:37:55 | INFO     | alfresco_extractor:689 | Fast path: expediente '2025001471_9701' localizado vía buscador global.
2026-09-01 11:37:55 | INFO     | alfresco_extractor:876 | [11/749] '2025001471_9701' -> ENCONTRADO
2026-09-01 11:37:55 | INFO     | alfresco_extractor:677 | Buscando ruta UAA='1112_UISALUD' | SERIE='C09_CONTRATOS' | SUB-SERIE='C09.11_ORDEN_PRESTACION_SERVICIOS'
2026-09-01 11:37:57 | INFO     | alfresco_extractor:723 | Traza: BUSQUEDA | 2025001473_9701 | OK
2026-09-01 11:37:57 | INFO     | alfresco_extractor:689 | Fast path: expediente '2025001473_9701' localizado vía buscador global.
2026-09-01 11:37:57 | INFO     | alfresco_extractor:876 | [12/749] '2025001473_9701' -> ENCONTRADO
2026-09-01 11:37:57 | INFO     | alfresco_extractor:677 | Buscando ruta UAA='1112_UISALUD' | SERIE='C09_CONTRATOS' | SUB-SERIE='C09.11_ORDEN_PRESTACION_SERVICIOS'
2026-09-01 11:38:00 | INFO     | alfresco_extractor:723 | Traza: BUSQUEDA | 2025002269_9701 | OK
2026-09-01 11:38:00 | INFO     | alfresco_extractor:689 | Fast path: expediente '2025002269_9701' localizado vía buscador global.
2026-09-01 11:38:00 | INFO     | alfresco_extractor:876 | [13/749] '2025002269_9701' -> ENCONTRADO
2026-09-01 11:38:00 | INFO     | alfresco_extractor:677 | Buscando ruta UAA='1112_UISALUD' | SERIE='C09_CONTRATOS' | SUB-SERIE='C09.11_ORDEN_PRESTACION_SERVICIOS'
2026-09-01 11:38:03 | INFO     | alfresco_extractor:723 | Traza: BUSQUEDA | 2025003242_9702 | OK
2026-09-01 11:38:03 | INFO     | alfresco_extractor:689 | Fast path: expediente '2025003242_9702' localizado vía buscador global.
2026-09-01 11:38:03 | INFO     | alfresco_extractor:876 | [14/749] '2025003242_9702' -> ENCONTRADO
2026-09-01 11:38:03 | INFO     | alfresco_extractor:677 | Buscando ruta UAA='1112_UISALUD' | SERIE='C09_CONTRATOS' | SUB-SERIE='C09.11_ORDEN_PRESTACION_SERVICIOS'
2026-09-01 11:38:06 | INFO     | alfresco_extractor:723 | Traza: BUSQUEDA | 2025003297_9701 | OK
2026-09-01 11:38:06 | INFO     | alfresco_extractor:689 | Fast path: expediente '2025003297_9701' localizado vía buscador global.
2026-09-01 11:38:06 | INFO     | alfresco_extractor:876 | [15/749] '2025003297_9701' -> ENCONTRADO
2026-09-01 11:38:06 | INFO     | alfresco_extractor:677 | Buscando ruta UAA='1112_UISALUD' | SERIE='C09_CONTRATOS' | SUB-SERIE='C09.11_ORDEN_PRESTACION_SERVICIOS'
2026-09-01 11:38:09 | INFO     | alfresco_extractor:723 | Traza: BUSQUEDA | 2025004240_9701 | OK
2026-09-01 11:38:09 | INFO     | alfresco_extractor:689 | Fast path: expediente '2025004240_9701' localizado vía buscador global.
2026-09-01 11:38:09 | INFO     | alfresco_extractor:876 | [16/749] '2025004240_9701' -> ENCONTRADO
2026-09-01 11:38:09 | INFO     | alfresco_extractor:677 | Buscando ruta UAA='1112_UISALUD' | SERIE='C09_CONTRATOS' | SUB-SERIE='C09.23_CONTR_PREST_SERVI_RED_SALUD'
2026-09-01 11:38:13 | INFO     | alfresco_extractor:723 | Traza: BUSQUEDA | 0270_2026000719_9701 | OK
2026-09-01 11:38:13 | INFO     | alfresco_extractor:689 | Fast path: expediente '0270_2026000719_9701' localizado vía buscador global.
2026-09-01 11:38:13 | INFO     | alfresco_extractor:876 | [17/749] '0270_2026000719_9701' -> ENCONTRADO
2026-09-01 11:38:13 | INFO     | alfresco_extractor:677 | Buscando ruta UAA='1112_UISALUD' | SERIE='C09_CONTRATOS' | SUB-SERIE='C09.23_CONTR_PREST_SERVI_RED_SALUD'
2026-09-01 11:38:16 | INFO     | alfresco_extractor:723 | Traza: BUSQUEDA | 0270_2026000733_9701 | OK
2026-09-01 11:38:16 | INFO     | alfresco_extractor:689 | Fast path: expediente '0270_2026000733_9701' localizado vía buscador global.
2026-09-01 11:38:16 | INFO     | alfresco_extractor:876 | [18/749] '0270_2026000733_9701' -> ENCONTRADO
2026-09-01 11:38:16 | INFO     | alfresco_extractor:677 | Buscando ruta UAA='1112_UISALUD' | SERIE='C09_CONTRATOS' | SUB-SERIE='C09.23_CONTR_PREST_SERVI_RED_SALUD'
2026-09-01 11:38:19 | INFO     | alfresco_extractor:723 | Traza: BUSQUEDA | 0270_2026000744_9701 | OK
2026-09-01 11:38:19 | INFO     | alfresco_extractor:689 | Fast path: expediente '0270_2026000744_9701' localizado vía buscador global.
2026-09-01 11:38:19 | INFO     | alfresco_extractor:876 | [19/749] '0270_2026000744_9701' -> ENCONTRADO
2026-09-01 11:38:19 | INFO     | alfresco_extractor:677 | Buscando ruta UAA='1112_UISALUD' | SERIE='C09_CONTRATOS' | SUB-SERIE='C09.23_CONTR_PREST_SERVI_RED_SALUD'
2026-09-01 11:38:22 | INFO     | alfresco_extractor:723 | Traza: BUSQUEDA | 2025000020_9701 | OK
2026-09-01 11:38:22 | INFO     | alfresco_extractor:689 | Fast path: expediente '2025000020_9701' localizado vía buscador global.
2026-09-01 11:38:22 | INFO     | alfresco_extractor:876 | [20/749] '2025000020_9701' -> ENCONTRADO
2026-09-01 11:38:22 | INFO     | alfresco_extractor:677 | Buscando ruta UAA='1112_UISALUD' | SERIE='C09_CONTRATOS' | SUB-SERIE='C09.23_CONTR_PREST_SERVI_RED_SALUD'
2026-09-01 11:38:26 | INFO     | alfresco_extractor:723 | Traza: BUSQUEDA | 2025000023_9701_9703 | OK
2026-09-01 11:38:26 | INFO     | alfresco_extractor:689 | Fast path: expediente '2025000023_9701_9703' localizado vía buscador global.
2026-09-01 11:38:26 | INFO     | alfresco_extractor:876 | [21/749] '2025000023_9701_9703' -> ENCONTRADO
2026-09-01 11:38:26 | INFO     | alfresco_extractor:677 | Buscando ruta UAA='1112_UISALUD' | SERIE='C09_CONTRATOS' | SUB-SERIE='C09.23_CONTR_PREST_SERVI_RED_SALUD'
2026-09-01 11:38:29 | INFO     | alfresco_extractor:723 | Traza: BUSQUEDA | 2025000042_9702 | OK
2026-09-01 11:38:29 | INFO     | alfresco_extractor:689 | Fast path: expediente '2025000042_9702' localizado vía buscador global.
2026-09-01 11:38:29 | INFO     | alfresco_extractor:876 | [22/749] '2025000042_9702' -> ENCONTRADO
2026-09-01 11:38:29 | INFO     | alfresco_extractor:677 | Buscando ruta UAA='1112_UISALUD' | SERIE='C09_CONTRATOS' | SUB-SERIE='C09.23_CONTR_PREST_SERVI_RED_SALUD'
2026-09-01 11:38:33 | INFO     | alfresco_extractor:723 | Traza: BUSQUEDA | 2025000049_9701 | OK
2026-09-01 11:38:33 | INFO     | alfresco_extractor:689 | Fast path: expediente '2025000049_9701' localizado vía buscador global.
2026-09-01 11:38:33 | INFO     | alfresco_extractor:876 | [23/749] '2025000049_9701' -> ENCONTRADO
2026-09-01 11:38:33 | INFO     | alfresco_extractor:677 | Buscando ruta UAA='1112_UISALUD' | SERIE='C09_CONTRATOS' | SUB-SERIE='C09.23_CONTR_PREST_SERVI_RED_SALUD'
2026-09-01 11:38:36 | INFO     | alfresco_extractor:723 | Traza: BUSQUEDA | 2025000056_9701 | OK
2026-09-01 11:38:36 | INFO     | alfresco_extractor:689 | Fast path: expediente '2025000056_9701' localizado vía buscador global.
2026-09-01 11:38:36 | INFO     | alfresco_extractor:876 | [24/749] '2025000056_9701' -> ENCONTRADO
2026-09-01 11:38:36 | INFO     | alfresco_extractor:677 | Buscando ruta UAA='1112_UISALUD' | SERIE='C09_CONTRATOS' | SUB-SERIE='C09.23_CONTR_PREST_SERVI_RED_SALUD'
2026-09-01 11:38:39 | INFO     | alfresco_extractor:723 | Traza: BUSQUEDA | 2025000060_9702 | OK
2026-09-01 11:38:39 | INFO     | alfresco_extractor:689 | Fast path: expediente '2025000060_9702' localizado vía buscador global.
2026-09-01 11:38:39 | INFO     | alfresco_extractor:876 | [25/749] '2025000060_9702' -> ENCONTRADO
2026-09-01 11:38:39 | INFO     | alfresco_extractor:677 | Buscando ruta UAA='1112_UISALUD' | SERIE='C09_CONTRATOS' | SUB-SERIE='C09.23_CONTR_PREST_SERVI_RED_SALUD'
2026-09-01 11:38:42 | INFO     | alfresco_extractor:723 | Traza: BUSQUEDA | 2025000062_9702 | OK
2026-09-01 11:38:42 | INFO     | alfresco_extractor:689 | Fast path: expediente '2025000062_9702' localizado vía buscador global.
2026-09-01 11:38:42 | INFO     | alfresco_extractor:876 | [26/749] '2025000062_9702' -> ENCONTRADO
2026-09-01 11:38:42 | INFO     | alfresco_extractor:677 | Buscando ruta UAA='1112_UISALUD' | SERIE='C09_CONTRATOS' | SUB-SERIE='C09.23_CONTR_PREST_SERVI_RED_SALUD'
2026-09-01 11:38:45 | INFO     | alfresco_extractor:723 | Traza: BUSQUEDA | 2025000066_9708 | OK
2026-09-01 11:38:45 | INFO     | alfresco_extractor:689 | Fast path: expediente '2025000066_9708' localizado vía buscador global.
2026-09-01 11:38:45 | INFO     | alfresco_extractor:876 | [27/749] '2025000066_9708' -> ENCONTRADO
2026-09-01 11:38:45 | INFO     | alfresco_extractor:677 | Buscando ruta UAA='1112_UISALUD' | SERIE='C09_CONTRATOS' | SUB-SERIE='C09.23_CONTR_PREST_SERVI_RED_SALUD'
2026-09-01 11:38:48 | INFO     | alfresco_extractor:723 | Traza: BUSQUEDA | 2025000069_9701 | OK
2026-09-01 11:38:48 | INFO     | alfresco_extractor:689 | Fast path: expediente '2025000069_9701' localizado vía buscador global.
2026-09-01 11:38:48 | INFO     | alfresco_extractor:876 | [28/749] '2025000069_9701' -> ENCONTRADO
2026-09-01 11:38:48 | INFO     | alfresco_extractor:677 | Buscando ruta UAA='1112_UISALUD' | SERIE='C09_CONTRATOS' | SUB-SERIE='C09.23_CONTR_PREST_SERVI_RED_SALUD'
2026-09-01 11:38:51 | INFO     | alfresco_extractor:723 | Traza: BUSQUEDA | 2025000072_9701 | OK
2026-09-01 11:38:51 | INFO     | alfresco_extractor:689 | Fast path: expediente '2025000072_9701' localizado vía buscador global.
2026-09-01 11:38:51 | INFO     | alfresco_extractor:876 | [29/749] '2025000072_9701' -> ENCONTRADO
2026-09-01 11:38:51 | INFO     | alfresco_extractor:677 | Buscando ruta UAA='1112_UISALUD' | SERIE='C09_CONTRATOS' | SUB-SERIE='C09.23_CONTR_PREST_SERVI_RED_SALUD'
2026-09-01 11:38:54 | INFO     | alfresco_extractor:723 | Traza: BUSQUEDA | 2025000086_9708 | OK
2026-09-01 11:38:54 | INFO     | alfresco_extractor:689 | Fast path: expediente '2025000086_9708' localizado vía buscador global.
2026-09-01 11:38:54 | INFO     | alfresco_extractor:876 | [30/749] '2025000086_9708' -> ENCONTRADO
2026-09-01 11:38:54 | INFO     | alfresco_extractor:677 | Buscando ruta UAA='1112_UISALUD' | SERIE='C09_CONTRATOS' | SUB-SERIE='C09.23_CONTR_PREST_SERVI_RED_SALUD'
2026-09-01 11:38:57 | INFO     | alfresco_extractor:723 | Traza: BUSQUEDA | 2025000088_9701 | OK
2026-09-01 11:38:57 | INFO     | alfresco_extractor:689 | Fast path: expediente '2025000088_9701' localizado vía buscador global.
2026-09-01 11:38:57 | INFO     | alfresco_extractor:876 | [31/749] '2025000088_9701' -> ENCONTRADO
2026-09-01 11:38:57 | INFO     | alfresco_extractor:677 | Buscando ruta UAA='1112_UISALUD' | SERIE='C09_CONTRATOS' | SUB-SERIE='C09.23_CONTR_PREST_SERVI_RED_SALUD'
2026-09-01 11:39:00 | INFO     | alfresco_extractor:723 | Traza: BUSQUEDA | 2025000089_9701 | OK
2026-09-01 11:39:00 | INFO     | alfresco_extractor:689 | Fast path: expediente '2025000089_9701' localizado vía buscador global.
2026-09-01 11:39:00 | INFO     | alfresco_extractor:876 | [32/749] '2025000089_9701' -> ENCONTRADO
2026-09-01 11:39:00 | INFO     | alfresco_extractor:677 | Buscando ruta UAA='1112_UISALUD' | SERIE='C09_CONTRATOS' | SUB-SERIE='C09.23_CONTR_PREST_SERVI_RED_SALUD'
2026-09-01 11:39:03 | INFO     | alfresco_extractor:723 | Traza: BUSQUEDA | 2025000119_9701 | OK
2026-09-01 11:39:03 | INFO     | alfresco_extractor:689 | Fast path: expediente '2025000119_9701' localizado vía buscador global.
2026-09-01 11:39:03 | INFO     | alfresco_extractor:876 | [33/749] '2025000119_9701' -> ENCONTRADO
2026-09-01 11:39:03 | INFO     | alfresco_extractor:677 | Buscando ruta UAA='1112_UISALUD' | SERIE='C09_CONTRATOS' | SUB-SERIE='C09.23_CONTR_PREST_SERVI_RED_SALUD'
2026-09-01 11:39:06 | INFO     | alfresco_extractor:723 | Traza: BUSQUEDA | 2025000122_9701 | OK
2026-09-01 11:39:06 | INFO     | alfresco_extractor:689 | Fast path: expediente '2025000122_9701' localizado vía buscador global.
2026-09-01 11:39:06 | INFO     | alfresco_extractor:876 | [34/749] '2025000122_9701' -> ENCONTRADO
2026-09-01 11:39:06 | INFO     | alfresco_extractor:677 | Buscando ruta UAA='1112_UISALUD' | SERIE='C09_CONTRATOS' | SUB-SERIE='C09.23_CONTR_PREST_SERVI_RED_SALUD'
2026-09-01 11:39:09 | INFO     | alfresco_extractor:723 | Traza: BUSQUEDA | 2025000154_9707 | OK
2026-09-01 11:39:09 | INFO     | alfresco_extractor:689 | Fast path: expediente '2025000154_9707' localizado vía buscador global.
2026-09-01 11:39:09 | INFO     | alfresco_extractor:876 | [35/749] '2025000154_9707' -> ENCONTRADO
2026-09-01 11:39:09 | INFO     | alfresco_extractor:677 | Buscando ruta UAA='1112_UISALUD' | SERIE='C09_CONTRATOS' | SUB-SERIE='C09.23_CONTR_PREST_SERVI_RED_SALUD'
2026-09-01 11:39:12 | INFO     | alfresco_extractor:723 | Traza: BUSQUEDA | 2025000159_9702 | OK
2026-09-01 11:39:12 | INFO     | alfresco_extractor:689 | Fast path: expediente '2025000159_9702' localizado vía buscador global.
2026-09-01 11:39:12 | INFO     | alfresco_extractor:876 | [36/749] '2025000159_9702' -> ENCONTRADO
2026-09-01 11:39:12 | INFO     | alfresco_extractor:677 | Buscando ruta UAA='1112_UISALUD' | SERIE='C09_CONTRATOS' | SUB-SERIE='C09.23_CONTR_PREST_SERVI_RED_SALUD'
2026-09-01 11:39:14 | INFO     | alfresco_extractor:723 | Traza: BUSQUEDA | 2025000165_9701 | OK
2026-09-01 11:39:14 | INFO     | alfresco_extractor:689 | Fast path: expediente '2025000165_9701' localizado vía buscador global.
2026-09-01 11:39:14 | INFO     | alfresco_extractor:876 | [37/749] '2025000165_9701' -> ENCONTRADO
2026-09-01 11:39:14 | INFO     | alfresco_extractor:677 | Buscando ruta UAA='1112_UISALUD' | SERIE='C09_CONTRATOS' | SUB-SERIE='C09.23_CONTR_PREST_SERVI_RED_SALUD'
2026-09-01 11:39:17 | INFO     | alfresco_extractor:723 | Traza: BUSQUEDA | 2025000178_9701 | OK
2026-09-01 11:39:17 | INFO     | alfresco_extractor:689 | Fast path: expediente '2025000178_9701' localizado vía buscador global.
2026-09-01 11:39:17 | INFO     | alfresco_extractor:876 | [38/749] '2025000178_9701' -> ENCONTRADO
2026-09-01 11:39:17 | INFO     | alfresco_extractor:677 | Buscando ruta UAA='1112_UISALUD' | SERIE='C09_CONTRATOS' | SUB-SERIE='C09.23_CONTR_PREST_SERVI_RED_SALUD'
2026-09-01 11:39:20 | INFO     | alfresco_extractor:723 | Traza: BUSQUEDA | 2025000183_9707 | OK
2026-09-01 11:39:20 | INFO     | alfresco_extractor:689 | Fast path: expediente '2025000183_9707' localizado vía buscador global.
2026-09-01 11:39:20 | INFO     | alfresco_extractor:876 | [39/749] '2025000183_9707' -> ENCONTRADO
2026-09-01 11:39:20 | INFO     | alfresco_extractor:677 | Buscando ruta UAA='1112_UISALUD' | SERIE='C09_CONTRATOS' | SUB-SERIE='C09.23_CONTR_PREST_SERVI_RED_SALUD'
2026-09-01 11:39:22 | INFO     | alfresco_extractor:723 | Traza: BUSQUEDA | 2025000188_9701 | OK
2026-09-01 11:39:22 | INFO     | alfresco_extractor:689 | Fast path: expediente '2025000188_9701' localizado vía buscador global.
2026-09-01 11:39:22 | INFO     | alfresco_extractor:876 | [40/749] '2025000188_9701' -> ENCONTRADO
2026-09-01 11:39:22 | INFO     | alfresco_extractor:677 | Buscando ruta UAA='1112_UISALUD' | SERIE='C09_CONTRATOS' | SUB-SERIE='C09.23_CONTR_PREST_SERVI_RED_SALUD'
2026-09-01 11:39:25 | INFO     | alfresco_extractor:723 | Traza: BUSQUEDA | 2025000191_9701 | OK
2026-09-01 11:39:25 | INFO     | alfresco_extractor:689 | Fast path: expediente '2025000191_9701' localizado vía buscador global.
2026-09-01 11:39:25 | INFO     | alfresco_extractor:876 | [41/749] '2025000191_9701' -> ENCONTRADO
2026-09-01 11:39:25 | INFO     | alfresco_extractor:677 | Buscando ruta UAA='1112_UISALUD' | SERIE='C09_CONTRATOS' | SUB-SERIE='C09.23_CONTR_PREST_SERVI_RED_SALUD'
2026-09-01 11:39:28 | INFO     | alfresco_extractor:723 | Traza: BUSQUEDA | 2025000213_9701 | OK
2026-09-01 11:39:28 | INFO     | alfresco_extractor:689 | Fast path: expediente '2025000213_9701' localizado vía buscador global.
2026-09-01 11:39:28 | INFO     | alfresco_extractor:876 | [42/749] '2025000213_9701' -> ENCONTRADO
2026-09-01 11:39:28 | INFO     | alfresco_extractor:677 | Buscando ruta UAA='1112_UISALUD' | SERIE='C09_CONTRATOS' | SUB-SERIE='C09.23_CONTR_PREST_SERVI_RED_SALUD'
2026-09-01 11:39:32 | INFO     | alfresco_extractor:723 | Traza: BUSQUEDA | 2025000223_9702 | OK
2026-09-01 11:39:32 | INFO     | alfresco_extractor:689 | Fast path: expediente '2025000223_9702' localizado vía buscador global.
2026-09-01 11:39:32 | INFO     | alfresco_extractor:876 | [43/749] '2025000223_9702' -> ENCONTRADO
2026-09-01 11:39:32 | INFO     | alfresco_extractor:677 | Buscando ruta UAA='1112_UISALUD' | SERIE='C09_CONTRATOS' | SUB-SERIE='C09.23_CONTR_PREST_SERVI_RED_SALUD'
2026-09-01 11:39:35 | INFO     | alfresco_extractor:723 | Traza: BUSQUEDA | 2025000227_9702 | OK
2026-09-01 11:39:35 | INFO     | alfresco_extractor:689 | Fast path: expediente '2025000227_9702' localizado vía buscador global.
2026-09-01 11:39:35 | INFO     | alfresco_extractor:876 | [44/749] '2025000227_9702' -> ENCONTRADO
2026-09-01 11:39:35 | INFO     | alfresco_extractor:677 | Buscando ruta UAA='1112_UISALUD' | SERIE='C09_CONTRATOS' | SUB-SERIE='C09.23_CONTR_PREST_SERVI_RED_SALUD'
2026-09-01 11:39:37 | INFO     | alfresco_extractor:723 | Traza: BUSQUEDA | 2025000232_9702 | OK
2026-09-01 11:39:37 | INFO     | alfresco_extractor:689 | Fast path: expediente '2025000232_9702' localizado vía buscador global.
2026-09-01 11:39:37 | INFO     | alfresco_extractor:876 | [45/749] '2025000232_9702' -> ENCONTRADO
2026-09-01 11:39:37 | INFO     | alfresco_extractor:677 | Buscando ruta UAA='1112_UISALUD' | SERIE='C09_CONTRATOS' | SUB-SERIE='C09.23_CONTR_PREST_SERVI_RED_SALUD'
2026-09-01 11:39:41 | INFO     | alfresco_extractor:723 | Traza: BUSQUEDA | 2025000233_9702 | OK
2026-09-01 11:39:41 | INFO     | alfresco_extractor:689 | Fast path: expediente '2025000233_9702' localizado vía buscador global.
2026-09-01 11:39:41 | INFO     | alfresco_extractor:876 | [46/749] '2025000233_9702' -> ENCONTRADO
2026-09-01 11:39:41 | INFO     | alfresco_extractor:677 | Buscando ruta UAA='1112_UISALUD' | SERIE='C09_CONTRATOS' | SUB-SERIE='C09.23_CONTR_PREST_SERVI_RED_SALUD'
2026-09-01 11:39:43 | INFO     | alfresco_extractor:723 | Traza: BUSQUEDA | 2025000235_9702 | OK
2026-09-01 11:39:43 | INFO     | alfresco_extractor:689 | Fast path: expediente '2025000235_9702' localizado vía buscador global.
2026-09-01 11:39:43 | INFO     | alfresco_extractor:876 | [47/749] '2025000235_9702' -> ENCONTRADO
2026-09-01 11:39:43 | INFO     | alfresco_extractor:677 | Buscando ruta UAA='1112_UISALUD' | SERIE='C09_CONTRATOS' | SUB-SERIE='C09.23_CONTR_PREST_SERVI_RED_SALUD'
2026-09-01 11:39:47 | INFO     | alfresco_extractor:723 | Traza: BUSQUEDA | 2025000237_9701 | OK
2026-09-01 11:39:47 | INFO     | alfresco_extractor:689 | Fast path: expediente '2025000237_9701' localizado vía buscador global.
2026-09-01 11:39:47 | INFO     | alfresco_extractor:876 | [48/749] '2025000237_9701' -> ENCONTRADO
2026-09-01 11:39:47 | INFO     | alfresco_extractor:677 | Buscando ruta UAA='1112_UISALUD' | SERIE='C09_CONTRATOS' | SUB-SERIE='C09.23_CONTR_PREST_SERVI_RED_SALUD'
2026-09-01 11:39:50 | INFO     | alfresco_extractor:723 | Traza: BUSQUEDA | 2025000242_9701 | OK
2026-09-01 11:39:50 | INFO     | alfresco_extractor:689 | Fast path: expediente '2025000242_9701' localizado vía buscador global.
2026-09-01 11:39:50 | INFO     | alfresco_extractor:876 | [49/749] '2025000242_9701' -> ENCONTRADO
2026-09-01 11:39:50 | INFO     | alfresco_extractor:677 | Buscando ruta UAA='1112_UISALUD' | SERIE='C09_CONTRATOS' | SUB-SERIE='C09.23_CONTR_PREST_SERVI_RED_SALUD'
2026-09-01 11:39:54 | INFO     | alfresco_extractor:723 | Traza: BUSQUEDA | 2025000243_9701 | OK
2026-09-01 11:39:54 | INFO     | alfresco_extractor:689 | Fast path: expediente '2025000243_9701' localizado vía buscador global.
2026-09-01 11:39:54 | INFO     | alfresco_extractor:876 | [50/749] '2025000243_9701' -> ENCONTRADO
2026-09-01 11:39:54 | INFO     | alfresco_extractor:677 | Buscando ruta UAA='1112_UISALUD' | SERIE='C09_CONTRATOS' | SUB-SERIE='C09.23_CONTR_PREST_SERVI_RED_SALUD'
2026-09-01 11:39:58 | INFO     | alfresco_extractor:723 | Traza: BUSQUEDA | 2025000245_9701 | OK
2026-09-01 11:39:58 | INFO     | alfresco_extractor:689 | Fast path: expediente '2025000245_9701' localizado vía buscador global.
2026-09-01 11:39:58 | INFO     | alfresco_extractor:876 | [51/749] '2025000245_9701' -> ENCONTRADO
2026-09-01 11:39:58 | INFO     | alfresco_extractor:677 | Buscando ruta UAA='1112_UISALUD' | SERIE='C09_CONTRATOS' | SUB-SERIE='C09.23_CONTR_PREST_SERVI_RED_SALUD'
2026-09-01 11:40:02 | INFO     | alfresco_extractor:723 | Traza: BUSQUEDA | 2025000246_9701 | OK
2026-09-01 11:40:02 | INFO     | alfresco_extractor:689 | Fast path: expediente '2025000246_9701' localizado vía buscador global.
2026-09-01 11:40:02 | INFO     | alfresco_extractor:876 | [52/749] '2025000246_9701' -> ENCONTRADO
2026-09-01 11:40:02 | INFO     | alfresco_extractor:677 | Buscando ruta UAA='1112_UISALUD' | SERIE='C09_CONTRATOS' | SUB-SERIE='C09.23_CONTR_PREST_SERVI_RED_SALUD'
2026-09-01 11:40:11 | INFO     | alfresco_extractor:723 | Traza: BUSQUEDA | 2025000248_9701 | OK
2026-09-01 11:40:11 | INFO     | alfresco_extractor:689 | Fast path: expediente '2025000248_9701' localizado vía buscador global.
2026-09-01 11:40:11 | INFO     | alfresco_extractor:876 | [53/749] '2025000248_9701' -> ENCONTRADO
2026-09-01 11:40:11 | INFO     | alfresco_extractor:677 | Buscando ruta UAA='1112_UISALUD' | SERIE='C09_CONTRATOS' | SUB-SERIE='C09.23_CONTR_PREST_SERVI_RED_SALUD'
2026-09-01 11:40:21 | INFO     | alfresco_extractor:723 | Traza: BUSQUEDA | 2025000249_9701 | OK
2026-09-01 11:40:21 | INFO     | alfresco_extractor:689 | Fast path: expediente '2025000249_9701' localizado vía buscador global.
2026-09-01 11:40:21 | INFO     | alfresco_extractor:876 | [54/749] '2025000249_9701' -> ENCONTRADO
2026-09-01 11:40:21 | INFO     | alfresco_extractor:677 | Buscando ruta UAA='1112_UISALUD' | SERIE='C09_CONTRATOS' | SUB-SERIE='C09.23_CONTR_PREST_SERVI_RED_SALUD'
2026-09-01 11:40:30 | INFO     | alfresco_extractor:723 | Traza: BUSQUEDA | 2025000258_9701 | OK
2026-09-01 11:40:30 | INFO     | alfresco_extractor:689 | Fast path: expediente '2025000258_9701' localizado vía buscador global.
2026-09-01 11:40:30 | INFO     | alfresco_extractor:876 | [55/749] '2025000258_9701' -> ENCONTRADO
2026-09-01 11:40:30 | INFO     | alfresco_extractor:677 | Buscando ruta UAA='1112_UISALUD' | SERIE='C09_CONTRATOS' | SUB-SERIE='C09.23_CONTR_PREST_SERVI_RED_SALUD'
2026-09-01 11:40:42 | INFO     | alfresco_extractor:723 | Traza: BUSQUEDA | 2025000261_9701 | OK
2026-09-01 11:40:42 | INFO     | alfresco_extractor:689 | Fast path: expediente '2025000261_9701' localizado vía buscador global.
2026-09-01 11:40:42 | INFO     | alfresco_extractor:876 | [56/749] '2025000261_9701' -> ENCONTRADO
2026-09-01 11:40:42 | INFO     | alfresco_extractor:677 | Buscando ruta UAA='1112_UISALUD' | SERIE='C09_CONTRATOS' | SUB-SERIE='C09.23_CONTR_PREST_SERVI_RED_SALUD'
2026-09-01 11:40:53 | INFO     | alfresco_extractor:723 | Traza: BUSQUEDA | 2025000269_9701 | OK
2026-09-01 11:40:53 | INFO     | alfresco_extractor:689 | Fast path: expediente '2025000269_9701' localizado vía buscador global.
2026-09-01 11:40:53 | INFO     | alfresco_extractor:876 | [57/749] '2025000269_9701' -> ENCONTRADO
2026-09-01 11:40:53 | INFO     | alfresco_extractor:677 | Buscando ruta UAA='1112_UISALUD' | SERIE='C09_CONTRATOS' | SUB-SERIE='C09.23_CONTR_PREST_SERVI_RED_SALUD'
2026-09-01 11:41:04 | INFO     | alfresco_extractor:723 | Traza: BUSQUEDA | 2025000272_9701 | OK
2026-09-01 11:41:04 | INFO     | alfresco_extractor:689 | Fast path: expediente '2025000272_9701' localizado vía buscador global.
2026-09-01 11:41:04 | INFO     | alfresco_extractor:876 | [58/749] '2025000272_9701' -> ENCONTRADO
2026-09-01 11:41:04 | INFO     | alfresco_extractor:677 | Buscando ruta UAA='1112_UISALUD' | SERIE='C09_CONTRATOS' | SUB-SERIE='C09.23_CONTR_PREST_SERVI_RED_SALUD'
2026-09-01 11:41:14 | INFO     | alfresco_extractor:723 | Traza: BUSQUEDA | 2025000276_9701 | OK
2026-09-01 11:41:14 | INFO     | alfresco_extractor:689 | Fast path: expediente '2025000276_9701' localizado vía buscador global.
2026-09-01 11:41:14 | INFO     | alfresco_extractor:876 | [59/749] '2025000276_9701' -> ENCONTRADO
2026-09-01 11:41:14 | INFO     | alfresco_extractor:677 | Buscando ruta UAA='1112_UISALUD' | SERIE='C09_CONTRATOS' | SUB-SERIE='C09.23_CONTR_PREST_SERVI_RED_SALUD'
2026-09-01 11:41:36 | WARNING  | alfresco_extractor:543 | Fast path: sin resultados para '2025000277_9701'.
2026-09-01 11:41:36 | WARNING  | alfresco_extractor:691 | Fast path sin éxito para '2025000277_9701'; se restaura el árbol y se usa la ruta oficial.
2026-09-01 11:41:41 | INFO     | alfresco_extractor:202 | Menú 'Repositorio' clickeado. Espere a que cargue la vista del repositorio.
2026-09-01 11:41:41 | INFO     | alfresco_extractor:207 | Navegando directamente al repositorio: https://gesdoc.uis.edu.co/share/page/repository
2026-09-01 11:41:42 | INFO     | alfresco_extractor:217 | Árbol del repositorio cargado (raíz 'REPOSITORIO_UIS_0002').
2026-09-01 11:41:42 | INFO     | alfresco_extractor:723 | Traza: REPOSITORIO | REPOSITORIO_UIS_0002 | OK
2026-09-01 11:41:42 | INFO     | alfresco_extractor:609 | Repositorio 'REPOSITORIO_UIS_0002' OK. Expandiendo...
2026-09-01 11:42:05 | INFO     | alfresco_extractor:723 | Traza: UAA | 1112_UISALUD | OK
2026-09-01 11:42:05 | INFO     | alfresco_extractor:623 | UAA '1112_UISALUD' OK. Expandiendo...
2026-09-01 11:42:17 | INFO     | alfresco_extractor:723 | Traza: SERIE | 1112_C09_CONTRATOS | OK
2026-09-01 11:42:17 | INFO     | alfresco_extractor:642 | SERIE '1112_C09_CONTRATOS' OK. Expandiendo...
2026-09-01 11:42:30 | INFO     | alfresco_extractor:723 | Traza: SUB-SERIE | 1112_C09.23_CONTR_PREST_SERVI_RED_SALUD | OK
2026-09-01 11:42:36 | INFO     | alfresco_extractor:660 | Sub-serie '1112_C09.23_CONTR_PREST_SERVI_RED_SALUD' alcanzada y seleccionada. Ruta completa OK.
2026-09-01 11:43:01 | INFO     | alfresco_extractor:723 | Traza: EXPEDIENTE | 2025000277_9701 | NO
2026-09-01 11:43:01 | WARNING  | alfresco_extractor:713 | EXPEDIENTE '2025000277_9701' no encontrado dentro de la subserie '1112_C09.23_CONTR_PREST_SERVI_RED_SALUD'.
2026-09-01 11:43:01 | INFO     | alfresco_extractor:876 | [60/749] '2025000277_9701' -> SUB-SERIE OK / EXP NO
2026-09-01 11:43:01 | INFO     | alfresco_extractor:677 | Buscando ruta UAA='1112_UISALUD' | SERIE='C09_CONTRATOS' | SUB-SERIE='C09.23_CONTR_PREST_SERVI_RED_SALUD'
2026-09-01 11:43:13 | INFO     | alfresco_extractor:723 | Traza: BUSQUEDA | 2025000282_9701 | OK
2026-09-01 11:43:13 | INFO     | alfresco_extractor:689 | Fast path: expediente '2025000282_9701' localizado vía buscador global.
2026-09-01 11:43:13 | INFO     | alfresco_extractor:876 | [61/749] '2025000282_9701' -> ENCONTRADO
2026-09-01 11:43:13 | INFO     | alfresco_extractor:677 | Buscando ruta UAA='1112_UISALUD' | SERIE='C09_CONTRATOS' | SUB-SERIE='C09.23_CONTR_PREST_SERVI_RED_SALUD'
2026-09-01 11:43:35 | WARNING  | alfresco_extractor:543 | Fast path: sin resultados para '2025000286_9701'.
2026-09-01 11:43:35 | WARNING  | alfresco_extractor:691 | Fast path sin éxito para '2025000286_9701'; se restaura el árbol y se usa la ruta oficial.
2026-09-01 11:43:40 | INFO     | alfresco_extractor:202 | Menú 'Repositorio' clickeado. Espere a que cargue la vista del repositorio.
2026-09-01 11:43:40 | INFO     | alfresco_extractor:207 | Navegando directamente al repositorio: https://gesdoc.uis.edu.co/share/page/repository
2026-09-01 11:43:41 | INFO     | alfresco_extractor:217 | Árbol del repositorio cargado (raíz 'REPOSITORIO_UIS_0002').
2026-09-01 11:43:41 | INFO     | alfresco_extractor:723 | Traza: REPOSITORIO | REPOSITORIO_UIS_0002 | OK
2026-09-01 11:43:41 | INFO     | alfresco_extractor:609 | Repositorio 'REPOSITORIO_UIS_0002' OK. Expandiendo...
2026-09-01 11:44:04 | INFO     | alfresco_extractor:723 | Traza: UAA | 1112_UISALUD | OK
2026-09-01 11:44:04 | INFO     | alfresco_extractor:623 | UAA '1112_UISALUD' OK. Expandiendo...
2026-09-01 11:44:15 | INFO     | alfresco_extractor:723 | Traza: SERIE | 1112_C09_CONTRATOS | OK
2026-09-01 11:44:15 | INFO     | alfresco_extractor:642 | SERIE '1112_C09_CONTRATOS' OK. Expandiendo...
2026-09-01 11:44:28 | INFO     | alfresco_extractor:723 | Traza: SUB-SERIE | 1112_C09.23_CONTR_PREST_SERVI_RED_SALUD | OK
2026-09-01 11:44:33 | INFO     | alfresco_extractor:660 | Sub-serie '1112_C09.23_CONTR_PREST_SERVI_RED_SALUD' alcanzada y seleccionada. Ruta completa OK.
2026-09-01 11:44:59 | INFO     | alfresco_extractor:723 | Traza: EXPEDIENTE | 2025000286_9701 | NO
2026-09-01 11:44:59 | WARNING  | alfresco_extractor:713 | EXPEDIENTE '2025000286_9701' no encontrado dentro de la subserie '1112_C09.23_CONTR_PREST_SERVI_RED_SALUD'.
2026-09-01 11:44:59 | INFO     | alfresco_extractor:876 | [62/749] '2025000286_9701' -> SUB-SERIE OK / EXP NO
2026-09-01 11:44:59 | INFO     | alfresco_extractor:677 | Buscando ruta UAA='1112_UISALUD' | SERIE='C09_CONTRATOS' | SUB-SERIE='C09.23_CONTR_PREST_SERVI_RED_SALUD'
2026-09-01 11:45:20 | WARNING  | alfresco_extractor:543 | Fast path: sin resultados para '2025000290_9701'.
2026-09-01 11:45:20 | WARNING  | alfresco_extractor:691 | Fast path sin éxito para '2025000290_9701'; se restaura el árbol y se usa la ruta oficial.
2026-09-01 11:45:26 | INFO     | alfresco_extractor:202 | Menú 'Repositorio' clickeado. Espere a que cargue la vista del repositorio.
2026-09-01 11:45:26 | INFO     | alfresco_extractor:207 | Navegando directamente al repositorio: https://gesdoc.uis.edu.co/share/page/repository
2026-09-01 11:45:27 | INFO     | alfresco_extractor:217 | Árbol del repositorio cargado (raíz 'REPOSITORIO_UIS_0002').
2026-09-01 11:45:27 | INFO     | alfresco_extractor:723 | Traza: REPOSITORIO | REPOSITORIO_UIS_0002 | OK
2026-09-01 11:45:27 | INFO     | alfresco_extractor:609 | Repositorio 'REPOSITORIO_UIS_0002' OK. Expandiendo...
2026-09-01 11:45:49 | INFO     | alfresco_extractor:723 | Traza: UAA | 1112_UISALUD | OK
2026-09-01 11:45:49 | INFO     | alfresco_extractor:623 | UAA '1112_UISALUD' OK. Expandiendo...
2026-09-01 11:46:01 | INFO     | alfresco_extractor:723 | Traza: SERIE | 1112_C09_CONTRATOS | OK
2026-09-01 11:46:01 | INFO     | alfresco_extractor:642 | SERIE '1112_C09_CONTRATOS' OK. Expandiendo...
2026-09-01 11:46:13 | INFO     | alfresco_extractor:723 | Traza: SUB-SERIE | 1112_C09.23_CONTR_PREST_SERVI_RED_SALUD | OK
2026-09-01 11:46:19 | INFO     | alfresco_extractor:660 | Sub-serie '1112_C09.23_CONTR_PREST_SERVI_RED_SALUD' alcanzada y seleccionada. Ruta completa OK.
2026-09-01 11:46:44 | INFO     | alfresco_extractor:723 | Traza: EXPEDIENTE | 2025000290_9701 | NO
2026-09-01 11:46:44 | WARNING  | alfresco_extractor:713 | EXPEDIENTE '2025000290_9701' no encontrado dentro de la subserie '1112_C09.23_CONTR_PREST_SERVI_RED_SALUD'.
2026-09-01 11:46:44 | INFO     | alfresco_extractor:876 | [63/749] '2025000290_9701' -> SUB-SERIE OK / EXP NO
2026-09-01 11:46:44 | INFO     | alfresco_extractor:677 | Buscando ruta UAA='1112_UISALUD' | SERIE='C09_CONTRATOS' | SUB-SERIE='C09.23_CONTR_PREST_SERVI_RED_SALUD'
2026-09-01 11:47:06 | WARNING  | alfresco_extractor:543 | Fast path: sin resultados para '2025000291_9701'.
2026-09-01 11:47:06 | WARNING  | alfresco_extractor:691 | Fast path sin éxito para '2025000291_9701'; se restaura el árbol y se usa la ruta oficial.
2026-09-01 11:47:12 | INFO     | alfresco_extractor:202 | Menú 'Repositorio' clickeado. Espere a que cargue la vista del repositorio.
2026-09-01 11:47:12 | INFO     | alfresco_extractor:207 | Navegando directamente al repositorio: https://gesdoc.uis.edu.co/share/page/repository
2026-09-01 11:47:13 | INFO     | alfresco_extractor:217 | Árbol del repositorio cargado (raíz 'REPOSITORIO_UIS_0002').
2026-09-01 11:47:13 | INFO     | alfresco_extractor:723 | Traza: REPOSITORIO | REPOSITORIO_UIS_0002 | OK
2026-09-01 11:47:13 | INFO     | alfresco_extractor:609 | Repositorio 'REPOSITORIO_UIS_0002' OK. Expandiendo...
2026-09-01 11:47:36 | INFO     | alfresco_extractor:723 | Traza: UAA | 1112_UISALUD | OK
2026-09-01 11:47:36 | INFO     | alfresco_extractor:623 | UAA '1112_UISALUD' OK. Expandiendo...
2026-09-01 11:47:48 | INFO     | alfresco_extractor:723 | Traza: SERIE | 1112_C09_CONTRATOS | OK
2026-09-01 11:47:48 | INFO     | alfresco_extractor:642 | SERIE '1112_C09_CONTRATOS' OK. Expandiendo...
2026-09-01 11:48:00 | INFO     | alfresco_extractor:723 | Traza: SUB-SERIE | 1112_C09.23_CONTR_PREST_SERVI_RED_SALUD | OK
2026-09-01 11:48:06 | INFO     | alfresco_extractor:660 | Sub-serie '1112_C09.23_CONTR_PREST_SERVI_RED_SALUD' alcanzada y seleccionada. Ruta completa OK.
2026-09-01 11:48:31 | INFO     | alfresco_extractor:723 | Traza: EXPEDIENTE | 2025000291_9701 | NO
2026-09-01 11:48:31 | WARNING  | alfresco_extractor:713 | EXPEDIENTE '2025000291_9701' no encontrado dentro de la subserie '1112_C09.23_CONTR_PREST_SERVI_RED_SALUD'.
2026-09-01 11:48:31 | INFO     | alfresco_extractor:876 | [64/749] '2025000291_9701' -> SUB-SERIE OK / EXP NO
2026-09-01 11:48:31 | INFO     | alfresco_extractor:677 | Buscando ruta UAA='1112_UISALUD' | SERIE='C09_CONTRATOS' | SUB-SERIE='C09.23_CONTR_PREST_SERVI_RED_SALUD'
2026-09-01 11:48:40 | INFO     | alfresco_extractor:723 | Traza: BUSQUEDA | 2025000294_9701 | OK
2026-09-01 11:48:40 | INFO     | alfresco_extractor:689 | Fast path: expediente '2025000294_9701' localizado vía buscador global.
2026-09-01 11:48:40 | INFO     | alfresco_extractor:876 | [65/749] '2025000294_9701' -> ENCONTRADO
2026-09-01 11:48:40 | INFO     | alfresco_extractor:677 | Buscando ruta UAA='1112_UISALUD' | SERIE='C09_CONTRATOS' | SUB-SERIE='C09.23_CONTR_PREST_SERVI_RED_SALUD'
2026-09-01 11:48:51 | INFO     | alfresco_extractor:723 | Traza: BUSQUEDA | 2025000297_9701 | OK
2026-09-01 11:48:51 | INFO     | alfresco_extractor:689 | Fast path: expediente '2025000297_9701' localizado vía buscador global.
2026-09-01 11:48:51 | INFO     | alfresco_extractor:876 | [66/749] '2025000297_9701' -> ENCONTRADO
2026-09-01 11:48:51 | INFO     | alfresco_extractor:677 | Buscando ruta UAA='1112_UISALUD' | SERIE='C09_CONTRATOS' | SUB-SERIE='C09.23_CONTR_PREST_SERVI_RED_SALUD'
2026-09-01 11:49:04 | INFO     | alfresco_extractor:723 | Traza: BUSQUEDA | 2025000299_9701 | OK
2026-09-01 11:49:04 | INFO     | alfresco_extractor:689 | Fast path: expediente '2025000299_9701' localizado vía buscador global.
2026-09-01 11:49:04 | INFO     | alfresco_extractor:876 | [67/749] '2025000299_9701' -> ENCONTRADO
2026-09-01 11:49:04 | INFO     | alfresco_extractor:677 | Buscando ruta UAA='1112_UISALUD' | SERIE='C09_CONTRATOS' | SUB-SERIE='C09.23_CONTR_PREST_SERVI_RED_SALUD'
2026-09-01 11:49:25 | WARNING  | alfresco_extractor:543 | Fast path: sin resultados para '2025000303_9701'.
2026-09-01 11:49:25 | WARNING  | alfresco_extractor:691 | Fast path sin éxito para '2025000303_9701'; se restaura el árbol y se usa la ruta oficial.
2026-09-01 11:49:31 | INFO     | alfresco_extractor:202 | Menú 'Repositorio' clickeado. Espere a que cargue la vista del repositorio.
2026-09-01 11:49:31 | INFO     | alfresco_extractor:207 | Navegando directamente al repositorio: https://gesdoc.uis.edu.co/share/page/repository
2026-09-01 11:49:32 | INFO     | alfresco_extractor:217 | Árbol del repositorio cargado (raíz 'REPOSITORIO_UIS_0002').
2026-09-01 11:49:32 | INFO     | alfresco_extractor:723 | Traza: REPOSITORIO | REPOSITORIO_UIS_0002 | OK
2026-09-01 11:49:32 | INFO     | alfresco_extractor:609 | Repositorio 'REPOSITORIO_UIS_0002' OK. Expandiendo...
2026-09-01 11:49:54 | INFO     | alfresco_extractor:723 | Traza: UAA | 1112_UISALUD | OK
2026-09-01 11:49:54 | INFO     | alfresco_extractor:623 | UAA '1112_UISALUD' OK. Expandiendo...
2026-09-01 11:50:07 | INFO     | alfresco_extractor:723 | Traza: SERIE | 1112_C09_CONTRATOS | OK
2026-09-01 11:50:07 | INFO     | alfresco_extractor:642 | SERIE '1112_C09_CONTRATOS' OK. Expandiendo...
2026-09-01 11:50:19 | INFO     | alfresco_extractor:723 | Traza: SUB-SERIE | 1112_C09.23_CONTR_PREST_SERVI_RED_SALUD | OK
2026-09-01 11:50:24 | INFO     | alfresco_extractor:660 | Sub-serie '1112_C09.23_CONTR_PREST_SERVI_RED_SALUD' alcanzada y seleccionada. Ruta completa OK.
2026-09-01 11:50:50 | INFO     | alfresco_extractor:723 | Traza: EXPEDIENTE | 2025000303_9701 | NO
2026-09-01 11:50:50 | WARNING  | alfresco_extractor:713 | EXPEDIENTE '2025000303_9701' no encontrado dentro de la subserie '1112_C09.23_CONTR_PREST_SERVI_RED_SALUD'.
2026-09-01 11:50:50 | INFO     | alfresco_extractor:876 | [68/749] '2025000303_9701' -> SUB-SERIE OK / EXP NO
2026-09-01 11:50:50 | INFO     | alfresco_extractor:677 | Buscando ruta UAA='1112_UISALUD' | SERIE='C09_CONTRATOS' | SUB-SERIE='C09.23_CONTR_PREST_SERVI_RED_SALUD'
2026-09-01 11:51:11 | WARNING  | alfresco_extractor:543 | Fast path: sin resultados para '2025000304_9701'.
2026-09-01 11:51:11 | WARNING  | alfresco_extractor:691 | Fast path sin éxito para '2025000304_9701'; se restaura el árbol y se usa la ruta oficial.
2026-09-01 11:51:17 | INFO     | alfresco_extractor:202 | Menú 'Repositorio' clickeado. Espere a que cargue la vista del repositorio.
2026-09-01 11:51:17 | INFO     | alfresco_extractor:207 | Navegando directamente al repositorio: https://gesdoc.uis.edu.co/share/page/repository
2026-09-01 11:51:18 | INFO     | alfresco_extractor:217 | Árbol del repositorio cargado (raíz 'REPOSITORIO_UIS_0002').
2026-09-01 11:51:18 | INFO     | alfresco_extractor:723 | Traza: REPOSITORIO | REPOSITORIO_UIS_0002 | OK
2026-09-01 11:51:18 | INFO     | alfresco_extractor:609 | Repositorio 'REPOSITORIO_UIS_0002' OK. Expandiendo...
2026-09-01 11:51:40 | INFO     | alfresco_extractor:723 | Traza: UAA | 1112_UISALUD | OK
2026-09-01 11:51:40 | INFO     | alfresco_extractor:623 | UAA '1112_UISALUD' OK. Expandiendo...
2026-09-01 11:51:52 | INFO     | alfresco_extractor:723 | Traza: SERIE | 1112_C09_CONTRATOS | OK
2026-09-01 11:51:52 | INFO     | alfresco_extractor:642 | SERIE '1112_C09_CONTRATOS' OK. Expandiendo...
2026-09-01 11:52:05 | INFO     | alfresco_extractor:723 | Traza: SUB-SERIE | 1112_C09.23_CONTR_PREST_SERVI_RED_SALUD | OK
2026-09-01 11:52:10 | INFO     | alfresco_extractor:660 | Sub-serie '1112_C09.23_CONTR_PREST_SERVI_RED_SALUD' alcanzada y seleccionada. Ruta completa OK.
2026-09-01 11:52:36 | INFO     | alfresco_extractor:723 | Traza: EXPEDIENTE | 2025000304_9701 | NO
2026-09-01 11:52:36 | WARNING  | alfresco_extractor:713 | EXPEDIENTE '2025000304_9701' no encontrado dentro de la subserie '1112_C09.23_CONTR_PREST_SERVI_RED_SALUD'.
2026-09-01 11:52:36 | INFO     | alfresco_extractor:876 | [69/749] '2025000304_9701' -> SUB-SERIE OK / EXP NO
2026-09-01 11:52:36 | INFO     | alfresco_extractor:677 | Buscando ruta UAA='1112_UISALUD' | SERIE='C09_CONTRATOS' | SUB-SERIE='C09.23_CONTR_PREST_SERVI_RED_SALUD'
2026-09-01 11:52:42 | INFO     | alfresco_extractor:723 | Traza: BUSQUEDA | 2025000306_9701 | OK
2026-09-01 11:52:42 | INFO     | alfresco_extractor:689 | Fast path: expediente '2025000306_9701' localizado vía buscador global.
2026-09-01 11:52:42 | INFO     | alfresco_extractor:876 | [70/749] '2025000306_9701' -> ENCONTRADO
2026-09-01 11:52:42 | INFO     | alfresco_extractor:677 | Buscando ruta UAA='1112_UISALUD' | SERIE='C09_CONTRATOS' | SUB-SERIE='C09.23_CONTR_PREST_SERVI_RED_SALUD'
2026-09-01 11:53:03 | WARNING  | alfresco_extractor:543 | Fast path: sin resultados para '2025000315_9701'.
2026-09-01 11:53:03 | WARNING  | alfresco_extractor:691 | Fast path sin éxito para '2025000315_9701'; se restaura el árbol y se usa la ruta oficial.
2026-09-01 11:53:04 | INFO     | alfresco_extractor:202 | Menú 'Repositorio' clickeado. Espere a que cargue la vista del repositorio.
2026-09-01 11:53:06 | INFO     | alfresco_extractor:217 | Árbol del repositorio cargado (raíz 'REPOSITORIO_UIS_0002').
2026-09-01 11:53:06 | INFO     | alfresco_extractor:723 | Traza: REPOSITORIO | REPOSITORIO_UIS_0002 | OK
2026-09-01 11:53:06 | INFO     | alfresco_extractor:609 | Repositorio 'REPOSITORIO_UIS_0002' OK. Expandiendo...
2026-09-01 11:53:23 | INFO     | alfresco_extractor:723 | Traza: UAA | 1112_UISALUD | OK
2026-09-01 11:53:23 | INFO     | alfresco_extractor:623 | UAA '1112_UISALUD' OK. Expandiendo...
2026-09-01 11:53:31 | INFO     | alfresco_extractor:723 | Traza: SERIE | 1112_C09_CONTRATOS | OK
2026-09-01 11:53:31 | INFO     | alfresco_extractor:642 | SERIE '1112_C09_CONTRATOS' OK. Expandiendo...
2026-09-01 11:53:39 | INFO     | alfresco_extractor:723 | Traza: SUB-SERIE | 1112_C09.23_CONTR_PREST_SERVI_RED_SALUD | OK
2026-09-01 11:53:39 | INFO     | alfresco_extractor:660 | Sub-serie '1112_C09.23_CONTR_PREST_SERVI_RED_SALUD' alcanzada y seleccionada. Ruta completa OK.
2026-09-01 11:54:05 | INFO     | alfresco_extractor:723 | Traza: EXPEDIENTE | 2025000315_9701 | NO
2026-09-01 11:54:05 | WARNING  | alfresco_extractor:713 | EXPEDIENTE '2025000315_9701' no encontrado dentro de la subserie '1112_C09.23_CONTR_PREST_SERVI_RED_SALUD'.
2026-09-01 11:54:05 | INFO     | alfresco_extractor:876 | [71/749] '2025000315_9701' -> SUB-SERIE OK / EXP NO
2026-09-01 11:54:05 | INFO     | alfresco_extractor:677 | Buscando ruta UAA='1112_UISALUD' | SERIE='C09_CONTRATOS' | SUB-SERIE='C09.23_CONTR_PREST_SERVI_RED_SALUD'
2026-09-01 11:54:11 | INFO     | alfresco_extractor:723 | Traza: BUSQUEDA | 2025000316_9707 | OK
2026-09-01 11:54:11 | INFO     | alfresco_extractor:689 | Fast path: expediente '2025000316_9707' localizado vía buscador global.
2026-09-01 11:54:11 | INFO     | alfresco_extractor:876 | [72/749] '2025000316_9707' -> ENCONTRADO
2026-09-01 11:54:11 | INFO     | alfresco_extractor:677 | Buscando ruta UAA='1112_UISALUD' | SERIE='C09_CONTRATOS' | SUB-SERIE='C09.23_CONTR_PREST_SERVI_RED_SALUD'
2026-09-01 11:54:16 | INFO     | alfresco_extractor:723 | Traza: BUSQUEDA | 2025000317_9707 | OK
2026-09-01 11:54:16 | INFO     | alfresco_extractor:689 | Fast path: expediente '2025000317_9707' localizado vía buscador global.
2026-09-01 11:54:16 | INFO     | alfresco_extractor:876 | [73/749] '2025000317_9707' -> ENCONTRADO
2026-09-01 11:54:16 | INFO     | alfresco_extractor:677 | Buscando ruta UAA='1112_UISALUD' | SERIE='C09_CONTRATOS' | SUB-SERIE='C09.23_CONTR_PREST_SERVI_RED_SALUD'
2026-09-01 11:54:21 | INFO     | alfresco_extractor:723 | Traza: BUSQUEDA | 2025000318_9701 | OK
2026-09-01 11:54:21 | INFO     | alfresco_extractor:689 | Fast path: expediente '2025000318_9701' localizado vía buscador global.
2026-09-01 11:54:21 | INFO     | alfresco_extractor:876 | [74/749] '2025000318_9701' -> ENCONTRADO
2026-09-01 11:54:21 | INFO     | alfresco_extractor:677 | Buscando ruta UAA='1112_UISALUD' | SERIE='C09_CONTRATOS' | SUB-SERIE='C09.23_CONTR_PREST_SERVI_RED_SALUD'
2026-09-01 11:54:42 | WARNING  | alfresco_extractor:543 | Fast path: sin resultados para '2025000322_9701'.
2026-09-01 11:54:42 | WARNING  | alfresco_extractor:691 | Fast path sin éxito para '2025000322_9701'; se restaura el árbol y se usa la ruta oficial.
2026-09-01 11:54:44 | INFO     | alfresco_extractor:202 | Menú 'Repositorio' clickeado. Espere a que cargue la vista del repositorio.
2026-09-01 11:54:44 | INFO     | alfresco_extractor:217 | Árbol del repositorio cargado (raíz 'REPOSITORIO_UIS_0002').
2026-09-01 11:54:44 | INFO     | alfresco_extractor:723 | Traza: REPOSITORIO | REPOSITORIO_UIS_0002 | OK
2026-09-01 11:54:44 | INFO     | alfresco_extractor:609 | Repositorio 'REPOSITORIO_UIS_0002' OK. Expandiendo...
2026-09-01 11:55:01 | INFO     | alfresco_extractor:723 | Traza: UAA | 1112_UISALUD | OK
2026-09-01 11:55:01 | INFO     | alfresco_extractor:623 | UAA '1112_UISALUD' OK. Expandiendo...
2026-09-01 11:55:08 | INFO     | alfresco_extractor:723 | Traza: SERIE | 1112_C09_CONTRATOS | OK
2026-09-01 11:55:08 | INFO     | alfresco_extractor:642 | SERIE '1112_C09_CONTRATOS' OK. Expandiendo...
2026-09-01 11:55:15 | INFO     | alfresco_extractor:723 | Traza: SUB-SERIE | 1112_C09.23_CONTR_PREST_SERVI_RED_SALUD | OK
2026-09-01 11:55:16 | INFO     | alfresco_extractor:660 | Sub-serie '1112_C09.23_CONTR_PREST_SERVI_RED_SALUD' alcanzada y seleccionada. Ruta completa OK.
2026-09-01 11:55:42 | INFO     | alfresco_extractor:723 | Traza: EXPEDIENTE | 2025000322_9701 | NO
2026-09-01 11:55:42 | WARNING  | alfresco_extractor:713 | EXPEDIENTE '2025000322_9701' no encontrado dentro de la subserie '1112_C09.23_CONTR_PREST_SERVI_RED_SALUD'.
2026-09-01 11:55:42 | INFO     | alfresco_extractor:876 | [75/749] '2025000322_9701' -> SUB-SERIE OK / EXP NO
2026-09-01 11:55:42 | INFO     | alfresco_extractor:677 | Buscando ruta UAA='1112_UISALUD' | SERIE='C09_CONTRATOS' | SUB-SERIE='C09.23_CONTR_PREST_SERVI_RED_SALUD'
2026-09-01 11:56:03 | WARNING  | alfresco_extractor:543 | Fast path: sin resultados para '2025000327_9701_9703'.
2026-09-01 11:56:03 | WARNING  | alfresco_extractor:691 | Fast path sin éxito para '2025000327_9701_9703'; se restaura el árbol y se usa la ruta oficial.
2026-09-01 11:56:09 | INFO     | alfresco_extractor:202 | Menú 'Repositorio' clickeado. Espere a que cargue la vista del repositorio.
2026-09-01 11:56:09 | INFO     | alfresco_extractor:207 | Navegando directamente al repositorio: https://gesdoc.uis.edu.co/share/page/repository
2026-09-01 11:56:10 | INFO     | alfresco_extractor:217 | Árbol del repositorio cargado (raíz 'REPOSITORIO_UIS_0002').
2026-09-01 11:56:10 | INFO     | alfresco_extractor:723 | Traza: REPOSITORIO | REPOSITORIO_UIS_0002 | OK
2026-09-01 11:56:10 | INFO     | alfresco_extractor:609 | Repositorio 'REPOSITORIO_UIS_0002' OK. Expandiendo...
2026-09-01 11:56:33 | INFO     | alfresco_extractor:723 | Traza: UAA | 1112_UISALUD | OK
2026-09-01 11:56:33 | INFO     | alfresco_extractor:623 | UAA '1112_UISALUD' OK. Expandiendo...
2026-09-01 11:56:45 | INFO     | alfresco_extractor:723 | Traza: SERIE | 1112_C09_CONTRATOS | OK
2026-09-01 11:56:45 | INFO     | alfresco_extractor:642 | SERIE '1112_C09_CONTRATOS' OK. Expandiendo...
2026-09-01 11:56:58 | INFO     | alfresco_extractor:723 | Traza: SUB-SERIE | 1112_C09.23_CONTR_PREST_SERVI_RED_SALUD | OK
2026-09-01 11:57:04 | INFO     | alfresco_extractor:660 | Sub-serie '1112_C09.23_CONTR_PREST_SERVI_RED_SALUD' alcanzada y seleccionada. Ruta completa OK.
2026-09-01 11:57:29 | INFO     | alfresco_extractor:723 | Traza: EXPEDIENTE | 2025000327_9701_9703 | NO
2026-09-01 11:57:29 | WARNING  | alfresco_extractor:713 | EXPEDIENTE '2025000327_9701_9703' no encontrado dentro de la subserie '1112_C09.23_CONTR_PREST_SERVI_RED_SALUD'.
2026-09-01 11:57:29 | INFO     | alfresco_extractor:876 | [76/749] '2025000327_9701_9703' -> SUB-SERIE OK / EXP NO
2026-09-01 11:57:29 | INFO     | alfresco_extractor:677 | Buscando ruta UAA='1112_UISALUD' | SERIE='C09_CONTRATOS' | SUB-SERIE='C09.23_CONTR_PREST_SERVI_RED_SALUD'
2026-09-01 11:57:51 | WARNING  | alfresco_extractor:543 | Fast path: sin resultados para '2025000331_9701'.
2026-09-01 11:57:51 | WARNING  | alfresco_extractor:691 | Fast path sin éxito para '2025000331_9701'; se restaura el árbol y se usa la ruta oficial.
2026-09-01 11:57:56 | INFO     | alfresco_extractor:202 | Menú 'Repositorio' clickeado. Espere a que cargue la vista del repositorio.
2026-09-01 11:57:56 | INFO     | alfresco_extractor:207 | Navegando directamente al repositorio: https://gesdoc.uis.edu.co/share/page/repository
2026-09-01 11:57:57 | INFO     | alfresco_extractor:217 | Árbol del repositorio cargado (raíz 'REPOSITORIO_UIS_0002').
2026-09-01 11:57:57 | INFO     | alfresco_extractor:723 | Traza: REPOSITORIO | REPOSITORIO_UIS_0002 | OK
2026-09-01 11:57:57 | INFO     | alfresco_extractor:609 | Repositorio 'REPOSITORIO_UIS_0002' OK. Expandiendo...
2026-09-01 11:58:20 | INFO     | alfresco_extractor:723 | Traza: UAA | 1112_UISALUD | OK
2026-09-01 11:58:20 | INFO     | alfresco_extractor:623 | UAA '1112_UISALUD' OK. Expandiendo...
2026-09-01 11:58:32 | INFO     | alfresco_extractor:723 | Traza: SERIE | 1112_C09_CONTRATOS | OK
2026-09-01 11:58:32 | INFO     | alfresco_extractor:642 | SERIE '1112_C09_CONTRATOS' OK. Expandiendo...
2026-09-01 11:58:45 | INFO     | alfresco_extractor:723 | Traza: SUB-SERIE | 1112_C09.23_CONTR_PREST_SERVI_RED_SALUD | OK
2026-09-01 11:58:50 | INFO     | alfresco_extractor:660 | Sub-serie '1112_C09.23_CONTR_PREST_SERVI_RED_SALUD' alcanzada y seleccionada. Ruta completa OK.
2026-09-01 11:59:16 | INFO     | alfresco_extractor:723 | Traza: EXPEDIENTE | 2025000331_9701 | NO
2026-09-01 11:59:16 | WARNING  | alfresco_extractor:713 | EXPEDIENTE '2025000331_9701' no encontrado dentro de la subserie '1112_C09.23_CONTR_PREST_SERVI_RED_SALUD'.
2026-09-01 11:59:16 | INFO     | alfresco_extractor:876 | [77/749] '2025000331_9701' -> SUB-SERIE OK / EXP NO
2026-09-01 11:59:16 | INFO     | alfresco_extractor:677 | Buscando ruta UAA='1112_UISALUD' | SERIE='C09_CONTRATOS' | SUB-SERIE='C09.23_CONTR_PREST_SERVI_RED_SALUD'
2026-09-01 11:59:31 | INFO     | alfresco_extractor:723 | Traza: BUSQUEDA | 2025000332_9701 | OK
2026-09-01 11:59:31 | INFO     | alfresco_extractor:689 | Fast path: expediente '2025000332_9701' localizado vía buscador global.
2026-09-01 11:59:31 | INFO     | alfresco_extractor:876 | [78/749] '2025000332_9701' -> ENCONTRADO
2026-09-01 11:59:31 | INFO     | alfresco_extractor:677 | Buscando ruta UAA='1112_UISALUD' | SERIE='C09_CONTRATOS' | SUB-SERIE='C09.23_CONTR_PREST_SERVI_RED_SALUD'
2026-09-01 11:59:53 | WARNING  | alfresco_extractor:543 | Fast path: sin resultados para '2025000336_9701'.
2026-09-01 11:59:53 | WARNING  | alfresco_extractor:691 | Fast path sin éxito para '2025000336_9701'; se restaura el árbol y se usa la ruta oficial.
2026-09-01 11:59:58 | INFO     | alfresco_extractor:202 | Menú 'Repositorio' clickeado. Espere a que cargue la vista del repositorio.
2026-09-01 11:59:58 | INFO     | alfresco_extractor:207 | Navegando directamente al repositorio: https://gesdoc.uis.edu.co/share/page/repository
2026-09-01 11:59:59 | INFO     | alfresco_extractor:217 | Árbol del repositorio cargado (raíz 'REPOSITORIO_UIS_0002').
2026-09-01 11:59:59 | INFO     | alfresco_extractor:723 | Traza: REPOSITORIO | REPOSITORIO_UIS_0002 | OK
2026-09-01 11:59:59 | INFO     | alfresco_extractor:609 | Repositorio 'REPOSITORIO_UIS_0002' OK. Expandiendo...
2026-09-01 12:00:22 | INFO     | alfresco_extractor:723 | Traza: UAA | 1112_UISALUD | OK
2026-09-01 12:00:22 | INFO     | alfresco_extractor:623 | UAA '1112_UISALUD' OK. Expandiendo...
2026-09-01 12:00:34 | INFO     | alfresco_extractor:723 | Traza: SERIE | 1112_C09_CONTRATOS | OK
2026-09-01 12:00:34 | INFO     | alfresco_extractor:642 | SERIE '1112_C09_CONTRATOS' OK. Expandiendo...
2026-09-01 12:00:47 | INFO     | alfresco_extractor:723 | Traza: SUB-SERIE | 1112_C09.23_CONTR_PREST_SERVI_RED_SALUD | OK
2026-09-01 12:00:53 | INFO     | alfresco_extractor:660 | Sub-serie '1112_C09.23_CONTR_PREST_SERVI_RED_SALUD' alcanzada y seleccionada. Ruta completa OK.
2026-09-01 12:01:19 | INFO     | alfresco_extractor:723 | Traza: EXPEDIENTE | 2025000336_9701 | NO
2026-09-01 12:01:19 | WARNING  | alfresco_extractor:713 | EXPEDIENTE '2025000336_9701' no encontrado dentro de la subserie '1112_C09.23_CONTR_PREST_SERVI_RED_SALUD'.
2026-09-01 12:01:19 | INFO     | alfresco_extractor:876 | [79/749] '2025000336_9701' -> SUB-SERIE OK / EXP NO
2026-09-01 12:01:19 | INFO     | alfresco_extractor:677 | Buscando ruta UAA='1112_UISALUD' | SERIE='C09_CONTRATOS' | SUB-SERIE='C09.23_CONTR_PREST_SERVI_RED_SALUD'
2026-09-01 12:01:41 | WARNING  | alfresco_extractor:543 | Fast path: sin resultados para '2025000347_9701'.
2026-09-01 12:01:41 | WARNING  | alfresco_extractor:691 | Fast path sin éxito para '2025000347_9701'; se restaura el árbol y se usa la ruta oficial.
2026-09-01 12:01:46 | INFO     | alfresco_extractor:202 | Menú 'Repositorio' clickeado. Espere a que cargue la vista del repositorio.
2026-09-01 12:01:46 | INFO     | alfresco_extractor:207 | Navegando directamente al repositorio: https://gesdoc.uis.edu.co/share/page/repository
2026-09-01 12:01:47 | INFO     | alfresco_extractor:217 | Árbol del repositorio cargado (raíz 'REPOSITORIO_UIS_0002').
2026-09-01 12:01:47 | INFO     | alfresco_extractor:723 | Traza: REPOSITORIO | REPOSITORIO_UIS_0002 | OK
2026-09-01 12:01:47 | INFO     | alfresco_extractor:609 | Repositorio 'REPOSITORIO_UIS_0002' OK. Expandiendo...
2026-09-01 12:02:09 | INFO     | alfresco_extractor:723 | Traza: UAA | 1112_UISALUD | OK
2026-09-01 12:02:09 | INFO     | alfresco_extractor:623 | UAA '1112_UISALUD' OK. Expandiendo...
2026-09-01 12:02:22 | INFO     | alfresco_extractor:723 | Traza: SERIE | 1112_C09_CONTRATOS | OK
2026-09-01 12:02:22 | INFO     | alfresco_extractor:642 | SERIE '1112_C09_CONTRATOS' OK. Expandiendo...
2026-09-01 12:02:34 | INFO     | alfresco_extractor:723 | Traza: SUB-SERIE | 1112_C09.23_CONTR_PREST_SERVI_RED_SALUD | OK
2026-09-01 12:02:40 | INFO     | alfresco_extractor:660 | Sub-serie '1112_C09.23_CONTR_PREST_SERVI_RED_SALUD' alcanzada y seleccionada. Ruta completa OK.
2026-09-01 12:03:05 | INFO     | alfresco_extractor:723 | Traza: EXPEDIENTE | 2025000347_9701 | NO
2026-09-01 12:03:05 | WARNING  | alfresco_extractor:713 | EXPEDIENTE '2025000347_9701' no encontrado dentro de la subserie '1112_C09.23_CONTR_PREST_SERVI_RED_SALUD'.
2026-09-01 12:03:05 | INFO     | alfresco_extractor:876 | [80/749] '2025000347_9701' -> SUB-SERIE OK / EXP NO
2026-09-01 12:03:05 | INFO     | alfresco_extractor:677 | Buscando ruta UAA='1112_UISALUD' | SERIE='C09_CONTRATOS' | SUB-SERIE='C09.23_CONTR_PREST_SERVI_RED_SALUD'
2026-09-01 12:03:16 | INFO     | alfresco_extractor:723 | Traza: BUSQUEDA | 2025000366_9703 | OK
2026-09-01 12:03:16 | INFO     | alfresco_extractor:689 | Fast path: expediente '2025000366_9703' localizado vía buscador global.
2026-09-01 12:03:16 | INFO     | alfresco_extractor:876 | [81/749] '2025000366_9703' -> ENCONTRADO
2026-09-01 12:03:16 | INFO     | alfresco_extractor:677 | Buscando ruta UAA='1112_UISALUD' | SERIE='C09_CONTRATOS' | SUB-SERIE='C09.23_CONTR_PREST_SERVI_RED_SALUD'
2026-09-01 12:03:24 | INFO     | alfresco_extractor:723 | Traza: BUSQUEDA | 2025000368_9701 | OK
2026-09-01 12:03:24 | INFO     | alfresco_extractor:689 | Fast path: expediente '2025000368_9701' localizado vía buscador global.
2026-09-01 12:03:24 | INFO     | alfresco_extractor:876 | [82/749] '2025000368_9701' -> ENCONTRADO
2026-09-01 12:03:24 | INFO     | alfresco_extractor:677 | Buscando ruta UAA='1112_UISALUD' | SERIE='C09_CONTRATOS' | SUB-SERIE='C09.23_CONTR_PREST_SERVI_RED_SALUD'
2026-09-01 12:03:33 | INFO     | alfresco_extractor:723 | Traza: BUSQUEDA | 2025000369_9701 | OK
2026-09-01 12:03:33 | INFO     | alfresco_extractor:689 | Fast path: expediente '2025000369_9701' localizado vía buscador global.
2026-09-01 12:03:33 | INFO     | alfresco_extractor:876 | [83/749] '2025000369_9701' -> ENCONTRADO
2026-09-01 12:03:33 | INFO     | alfresco_extractor:677 | Buscando ruta UAA='1112_UISALUD' | SERIE='C09_CONTRATOS' | SUB-SERIE='C09.23_CONTR_PREST_SERVI_RED_SALUD'
2026-09-01 12:03:55 | WARNING  | alfresco_extractor:543 | Fast path: sin resultados para '2025000370_9701'.
2026-09-01 12:03:55 | WARNING  | alfresco_extractor:691 | Fast path sin éxito para '2025000370_9701'; se restaura el árbol y se usa la ruta oficial.
2026-09-01 12:04:01 | INFO     | alfresco_extractor:202 | Menú 'Repositorio' clickeado. Espere a que cargue la vista del repositorio.
2026-09-01 12:04:01 | INFO     | alfresco_extractor:207 | Navegando directamente al repositorio: https://gesdoc.uis.edu.co/share/page/repository
2026-09-01 12:04:02 | INFO     | alfresco_extractor:217 | Árbol del repositorio cargado (raíz 'REPOSITORIO_UIS_0002').
2026-09-01 12:04:02 | INFO     | alfresco_extractor:723 | Traza: REPOSITORIO | REPOSITORIO_UIS_0002 | OK
2026-09-01 12:04:02 | INFO     | alfresco_extractor:609 | Repositorio 'REPOSITORIO_UIS_0002' OK. Expandiendo...
2026-09-01 12:04:24 | INFO     | alfresco_extractor:723 | Traza: UAA | 1112_UISALUD | OK
2026-09-01 12:04:24 | INFO     | alfresco_extractor:623 | UAA '1112_UISALUD' OK. Expandiendo...
2026-09-01 12:04:36 | INFO     | alfresco_extractor:723 | Traza: SERIE | 1112_C09_CONTRATOS | OK
2026-09-01 12:04:36 | INFO     | alfresco_extractor:642 | SERIE '1112_C09_CONTRATOS' OK. Expandiendo...
2026-09-01 12:04:49 | INFO     | alfresco_extractor:723 | Traza: SUB-SERIE | 1112_C09.23_CONTR_PREST_SERVI_RED_SALUD | OK
2026-09-01 12:04:55 | INFO     | alfresco_extractor:660 | Sub-serie '1112_C09.23_CONTR_PREST_SERVI_RED_SALUD' alcanzada y seleccionada. Ruta completa OK.
2026-09-01 12:05:20 | INFO     | alfresco_extractor:723 | Traza: EXPEDIENTE | 2025000370_9701 | NO
2026-09-01 12:05:20 | WARNING  | alfresco_extractor:713 | EXPEDIENTE '2025000370_9701' no encontrado dentro de la subserie '1112_C09.23_CONTR_PREST_SERVI_RED_SALUD'.
2026-09-01 12:05:20 | INFO     | alfresco_extractor:876 | [84/749] '2025000370_9701' -> SUB-SERIE OK / EXP NO
2026-09-01 12:05:20 | INFO     | alfresco_extractor:677 | Buscando ruta UAA='1112_UISALUD' | SERIE='C09_CONTRATOS' | SUB-SERIE='C09.23_CONTR_PREST_SERVI_RED_SALUD'
2026-09-01 12:05:42 | WARNING  | alfresco_extractor:543 | Fast path: sin resultados para '2025000371_9701'.
2026-09-01 12:05:42 | WARNING  | alfresco_extractor:691 | Fast path sin éxito para '2025000371_9701'; se restaura el árbol y se usa la ruta oficial.
2026-09-01 12:05:47 | INFO     | alfresco_extractor:202 | Menú 'Repositorio' clickeado. Espere a que cargue la vista del repositorio.
2026-09-01 12:05:47 | INFO     | alfresco_extractor:207 | Navegando directamente al repositorio: https://gesdoc.uis.edu.co/share/page/repository
2026-09-01 12:05:48 | INFO     | alfresco_extractor:217 | Árbol del repositorio cargado (raíz 'REPOSITORIO_UIS_0002').
2026-09-01 12:05:48 | INFO     | alfresco_extractor:723 | Traza: REPOSITORIO | REPOSITORIO_UIS_0002 | OK
2026-09-01 12:05:48 | INFO     | alfresco_extractor:609 | Repositorio 'REPOSITORIO_UIS_0002' OK. Expandiendo...
2026-09-01 12:06:11 | INFO     | alfresco_extractor:723 | Traza: UAA | 1112_UISALUD | OK
2026-09-01 12:06:11 | INFO     | alfresco_extractor:623 | UAA '1112_UISALUD' OK. Expandiendo...
2026-09-01 12:06:23 | INFO     | alfresco_extractor:723 | Traza: SERIE | 1112_C09_CONTRATOS | OK
2026-09-01 12:06:23 | INFO     | alfresco_extractor:642 | SERIE '1112_C09_CONTRATOS' OK. Expandiendo...
2026-09-01 12:06:36 | INFO     | alfresco_extractor:723 | Traza: SUB-SERIE | 1112_C09.23_CONTR_PREST_SERVI_RED_SALUD | OK
2026-09-01 12:06:42 | INFO     | alfresco_extractor:660 | Sub-serie '1112_C09.23_CONTR_PREST_SERVI_RED_SALUD' alcanzada y seleccionada. Ruta completa OK.
2026-09-01 12:07:07 | INFO     | alfresco_extractor:723 | Traza: EXPEDIENTE | 2025000371_9701 | NO
2026-09-01 12:07:07 | WARNING  | alfresco_extractor:713 | EXPEDIENTE '2025000371_9701' no encontrado dentro de la subserie '1112_C09.23_CONTR_PREST_SERVI_RED_SALUD'.
2026-09-01 12:07:07 | INFO     | alfresco_extractor:876 | [85/749] '2025000371_9701' -> SUB-SERIE OK / EXP NO
2026-09-01 12:07:07 | INFO     | alfresco_extractor:677 | Buscando ruta UAA='1112_UISALUD' | SERIE='C09_CONTRATOS' | SUB-SERIE='C09.23_CONTR_PREST_SERVI_RED_SALUD'
2026-09-01 12:07:29 | WARNING  | alfresco_extractor:543 | Fast path: sin resultados para '2025000372_9701'.
2026-09-01 12:07:29 | WARNING  | alfresco_extractor:691 | Fast path sin éxito para '2025000372_9701'; se restaura el árbol y se usa la ruta oficial.
2026-09-01 12:07:35 | INFO     | alfresco_extractor:202 | Menú 'Repositorio' clickeado. Espere a que cargue la vista del repositorio.
2026-09-01 12:07:35 | INFO     | alfresco_extractor:207 | Navegando directamente al repositorio: https://gesdoc.uis.edu.co/share/page/repository
2026-09-01 12:07:35 | INFO     | alfresco_extractor:217 | Árbol del repositorio cargado (raíz 'REPOSITORIO_UIS_0002').
2026-09-01 12:07:36 | INFO     | alfresco_extractor:723 | Traza: REPOSITORIO | REPOSITORIO_UIS_0002 | OK
2026-09-01 12:07:36 | INFO     | alfresco_extractor:609 | Repositorio 'REPOSITORIO_UIS_0002' OK. Expandiendo...
2026-09-01 12:07:58 | INFO     | alfresco_extractor:723 | Traza: UAA | 1112_UISALUD | OK
2026-09-01 12:07:58 | INFO     | alfresco_extractor:623 | UAA '1112_UISALUD' OK. Expandiendo...
2026-09-01 12:08:10 | INFO     | alfresco_extractor:723 | Traza: SERIE | 1112_C09_CONTRATOS | OK
2026-09-01 12:08:10 | INFO     | alfresco_extractor:642 | SERIE '1112_C09_CONTRATOS' OK. Expandiendo...
2026-09-01 12:08:23 | INFO     | alfresco_extractor:723 | Traza: SUB-SERIE | 1112_C09.23_CONTR_PREST_SERVI_RED_SALUD | OK
2026-09-01 12:08:29 | INFO     | alfresco_extractor:660 | Sub-serie '1112_C09.23_CONTR_PREST_SERVI_RED_SALUD' alcanzada y seleccionada. Ruta completa OK.
2026-09-01 12:08:54 | INFO     | alfresco_extractor:723 | Traza: EXPEDIENTE | 2025000372_9701 | NO
2026-09-01 12:08:54 | WARNING  | alfresco_extractor:713 | EXPEDIENTE '2025000372_9701' no encontrado dentro de la subserie '1112_C09.23_CONTR_PREST_SERVI_RED_SALUD'.
2026-09-01 12:08:54 | INFO     | alfresco_extractor:876 | [86/749] '2025000372_9701' -> SUB-SERIE OK / EXP NO
2026-09-01 12:08:54 | INFO     | alfresco_extractor:677 | Buscando ruta UAA='1112_UISALUD' | SERIE='C09_CONTRATOS' | SUB-SERIE='C09.23_CONTR_PREST_SERVI_RED_SALUD'
2026-09-01 12:09:06 | INFO     | alfresco_extractor:723 | Traza: BUSQUEDA | 2025000374_9701 | OK
2026-09-01 12:09:06 | INFO     | alfresco_extractor:689 | Fast path: expediente '2025000374_9701' localizado vía buscador global.
2026-09-01 12:09:06 | INFO     | alfresco_extractor:876 | [87/749] '2025000374_9701' -> ENCONTRADO
2026-09-01 12:09:06 | INFO     | alfresco_extractor:677 | Buscando ruta UAA='1112_UISALUD' | SERIE='C09_CONTRATOS' | SUB-SERIE='C09.23_CONTR_PREST_SERVI_RED_SALUD'
2026-09-01 12:09:31 | WARNING  | alfresco_extractor:543 | Fast path: sin resultados para '2025000376_9701'.
2026-09-01 12:09:31 | WARNING  | alfresco_extractor:691 | Fast path sin éxito para '2025000376_9701'; se restaura el árbol y se usa la ruta oficial.
2026-09-01 12:09:36 | INFO     | alfresco_extractor:202 | Menú 'Repositorio' clickeado. Espere a que cargue la vista del repositorio.
2026-09-01 12:09:36 | INFO     | alfresco_extractor:207 | Navegando directamente al repositorio: https://gesdoc.uis.edu.co/share/page/repository
2026-09-01 12:09:37 | INFO     | alfresco_extractor:217 | Árbol del repositorio cargado (raíz 'REPOSITORIO_UIS_0002').
2026-09-01 12:09:37 | INFO     | alfresco_extractor:723 | Traza: REPOSITORIO | REPOSITORIO_UIS_0002 | OK
2026-09-01 12:09:37 | INFO     | alfresco_extractor:609 | Repositorio 'REPOSITORIO_UIS_0002' OK. Expandiendo...
2026-09-01 12:10:00 | INFO     | alfresco_extractor:723 | Traza: UAA | 1112_UISALUD | OK
2026-09-01 12:10:00 | INFO     | alfresco_extractor:623 | UAA '1112_UISALUD' OK. Expandiendo...
2026-09-01 12:10:12 | INFO     | alfresco_extractor:723 | Traza: SERIE | 1112_C09_CONTRATOS | OK
2026-09-01 12:10:12 | INFO     | alfresco_extractor:642 | SERIE '1112_C09_CONTRATOS' OK. Expandiendo...
2026-09-01 12:10:24 | INFO     | alfresco_extractor:723 | Traza: SUB-SERIE | 1112_C09.23_CONTR_PREST_SERVI_RED_SALUD | OK
2026-09-01 12:10:30 | INFO     | alfresco_extractor:660 | Sub-serie '1112_C09.23_CONTR_PREST_SERVI_RED_SALUD' alcanzada y seleccionada. Ruta completa OK.
2026-09-01 12:10:55 | INFO     | alfresco_extractor:723 | Traza: EXPEDIENTE | 2025000376_9701 | NO
2026-09-01 12:10:55 | WARNING  | alfresco_extractor:713 | EXPEDIENTE '2025000376_9701' no encontrado dentro de la subserie '1112_C09.23_CONTR_PREST_SERVI_RED_SALUD'.
2026-09-01 12:10:55 | INFO     | alfresco_extractor:876 | [88/749] '2025000376_9701' -> SUB-SERIE OK / EXP NO
2026-09-01 12:10:55 | INFO     | alfresco_extractor:677 | Buscando ruta UAA='1112_UISALUD' | SERIE='C09_CONTRATOS' | SUB-SERIE='C09.23_CONTR_PREST_SERVI_RED_SALUD'
2026-09-01 12:11:06 | INFO     | alfresco_extractor:723 | Traza: BUSQUEDA | 2025000377_9701 | OK
2026-09-01 12:11:06 | INFO     | alfresco_extractor:689 | Fast path: expediente '2025000377_9701' localizado vía buscador global.
2026-09-01 12:11:06 | INFO     | alfresco_extractor:876 | [89/749] '2025000377_9701' -> ENCONTRADO
2026-09-01 12:11:06 | INFO     | alfresco_extractor:677 | Buscando ruta UAA='1112_UISALUD' | SERIE='C09_CONTRATOS' | SUB-SERIE='C09.23_CONTR_PREST_SERVI_RED_SALUD'
2026-09-01 12:11:15 | INFO     | alfresco_extractor:723 | Traza: BUSQUEDA | 2025000379_9701 | OK
2026-09-01 12:11:15 | INFO     | alfresco_extractor:689 | Fast path: expediente '2025000379_9701' localizado vía buscador global.
2026-09-01 12:11:15 | INFO     | alfresco_extractor:876 | [90/749] '2025000379_9701' -> ENCONTRADO
2026-09-01 12:11:15 | INFO     | alfresco_extractor:677 | Buscando ruta UAA='1112_UISALUD' | SERIE='C09_CONTRATOS' | SUB-SERIE='C09.23_CONTR_PREST_SERVI_RED_SALUD'
2026-09-01 12:11:37 | WARNING  | alfresco_extractor:543 | Fast path: sin resultados para '2025000381_9701'.
2026-09-01 12:11:37 | WARNING  | alfresco_extractor:691 | Fast path sin éxito para '2025000381_9701'; se restaura el árbol y se usa la ruta oficial.
2026-09-01 12:11:42 | INFO     | alfresco_extractor:202 | Menú 'Repositorio' clickeado. Espere a que cargue la vista del repositorio.
2026-09-01 12:11:42 | INFO     | alfresco_extractor:207 | Navegando directamente al repositorio: https://gesdoc.uis.edu.co/share/page/repository
2026-09-01 12:11:43 | INFO     | alfresco_extractor:217 | Árbol del repositorio cargado (raíz 'REPOSITORIO_UIS_0002').
2026-09-01 12:11:43 | INFO     | alfresco_extractor:723 | Traza: REPOSITORIO | REPOSITORIO_UIS_0002 | OK
2026-09-01 12:11:43 | INFO     | alfresco_extractor:609 | Repositorio 'REPOSITORIO_UIS_0002' OK. Expandiendo...
2026-09-01 12:12:27 | ERROR    | alfresco_extractor:323 | No se expandió el nodo 'REPOSITORIO_UIS_0002' a tiempo: Message: 

2026-09-01 12:12:27 | ERROR    | alfresco_extractor:835 | Excepción navegando '2025000381_9701': Message: 

2026-09-01 12:12:27 | INFO     | alfresco_extractor:876 | [91/749] '2025000381_9701' -> NO ENCONTRADO
2026-09-01 12:12:27 | INFO     | alfresco_extractor:677 | Buscando ruta UAA='1112_UISALUD' | SERIE='C09_CONTRATOS' | SUB-SERIE='C09.23_CONTR_PREST_SERVI_RED_SALUD'
2026-09-01 12:12:48 | WARNING  | alfresco_extractor:543 | Fast path: sin resultados para '2025000382_9701'.
2026-09-01 12:12:48 | WARNING  | alfresco_extractor:691 | Fast path sin éxito para '2025000382_9701'; se restaura el árbol y se usa la ruta oficial.
2026-09-01 12:12:54 | INFO     | alfresco_extractor:202 | Menú 'Repositorio' clickeado. Espere a que cargue la vista del repositorio.
2026-09-01 12:12:54 | INFO     | alfresco_extractor:207 | Navegando directamente al repositorio: https://gesdoc.uis.edu.co/share/page/repository
2026-09-01 12:12:55 | INFO     | alfresco_extractor:217 | Árbol del repositorio cargado (raíz 'REPOSITORIO_UIS_0002').
2026-09-01 12:12:55 | INFO     | alfresco_extractor:723 | Traza: REPOSITORIO | REPOSITORIO_UIS_0002 | OK
2026-09-01 12:12:55 | INFO     | alfresco_extractor:609 | Repositorio 'REPOSITORIO_UIS_0002' OK. Expandiendo...
2026-09-01 12:13:38 | ERROR    | alfresco_extractor:323 | No se expandió el nodo 'REPOSITORIO_UIS_0002' a tiempo: Message: 

2026-09-01 12:13:38 | ERROR    | alfresco_extractor:835 | Excepción navegando '2025000382_9701': Message: 

2026-09-01 12:13:38 | INFO     | alfresco_extractor:876 | [92/749] '2025000382_9701' -> NO ENCONTRADO
2026-09-01 12:13:38 | INFO     | alfresco_extractor:677 | Buscando ruta UAA='1112_UISALUD' | SERIE='C09_CONTRATOS' | SUB-SERIE='C09.23_CONTR_PREST_SERVI_RED_SALUD'
2026-09-01 12:14:01 | WARNING  | alfresco_extractor:691 | Fast path sin éxito para '2025000383_9701'; se restaura el árbol y se usa la ruta oficial.
2026-09-01 12:14:06 | INFO     | alfresco_extractor:202 | Menú 'Repositorio' clickeado. Espere a que cargue la vista del repositorio.
2026-09-01 12:14:06 | INFO     | alfresco_extractor:207 | Navegando directamente al repositorio: https://gesdoc.uis.edu.co/share/page/repository
2026-09-01 12:14:07 | INFO     | alfresco_extractor:217 | Árbol del repositorio cargado (raíz 'REPOSITORIO_UIS_0002').
2026-09-01 12:14:07 | INFO     | alfresco_extractor:723 | Traza: REPOSITORIO | REPOSITORIO_UIS_0002 | OK
2026-09-01 12:14:07 | INFO     | alfresco_extractor:609 | Repositorio 'REPOSITORIO_UIS_0002' OK. Expandiendo...
2026-09-01 12:14:51 | ERROR    | alfresco_extractor:323 | No se expandió el nodo 'REPOSITORIO_UIS_0002' a tiempo: Message: 

2026-09-01 12:14:51 | ERROR    | alfresco_extractor:835 | Excepción navegando '2025000383_9701': Message: 

2026-09-01 12:14:51 | INFO     | alfresco_extractor:876 | [93/749] '2025000383_9701' -> NO ENCONTRADO
2026-09-01 12:14:51 | INFO     | alfresco_extractor:677 | Buscando ruta UAA='1112_UISALUD' | SERIE='C09_CONTRATOS' | SUB-SERIE='C09.23_CONTR_PREST_SERVI_RED_SALUD'
2026-09-01 12:15:13 | WARNING  | alfresco_extractor:543 | Fast path: sin resultados para '2025000385_9701'.
2026-09-01 12:15:13 | WARNING  | alfresco_extractor:691 | Fast path sin éxito para '2025000385_9701'; se restaura el árbol y se usa la ruta oficial.
2026-09-01 12:15:18 | INFO     | alfresco_extractor:202 | Menú 'Repositorio' clickeado. Espere a que cargue la vista del repositorio.
2026-09-01 12:15:18 | INFO     | alfresco_extractor:207 | Navegando directamente al repositorio: https://gesdoc.uis.edu.co/share/page/repository
2026-09-01 12:15:19 | INFO     | alfresco_extractor:217 | Árbol del repositorio cargado (raíz 'REPOSITORIO_UIS_0002').
2026-09-01 12:15:19 | INFO     | alfresco_extractor:723 | Traza: REPOSITORIO | REPOSITORIO_UIS_0002 | OK
2026-09-01 12:15:19 | INFO     | alfresco_extractor:609 | Repositorio 'REPOSITORIO_UIS_0002' OK. Expandiendo...
2026-09-01 12:16:03 | ERROR    | alfresco_extractor:323 | No se expandió el nodo 'REPOSITORIO_UIS_0002' a tiempo: Message: 

2026-09-01 12:16:03 | ERROR    | alfresco_extractor:835 | Excepción navegando '2025000385_9701': Message: 

2026-09-01 12:16:03 | INFO     | alfresco_extractor:876 | [94/749] '2025000385_9701' -> NO ENCONTRADO
2026-09-01 12:16:03 | INFO     | alfresco_extractor:677 | Buscando ruta UAA='1112_UISALUD' | SERIE='C09_CONTRATOS' | SUB-SERIE='C09.23_CONTR_PREST_SERVI_RED_SALUD'
2026-09-01 12:16:25 | WARNING  | alfresco_extractor:543 | Fast path: sin resultados para '2025000387_9701'.
2026-09-01 12:16:25 | WARNING  | alfresco_extractor:691 | Fast path sin éxito para '2025000387_9701'; se restaura el árbol y se usa la ruta oficial.
2026-09-01 12:16:30 | INFO     | alfresco_extractor:202 | Menú 'Repositorio' clickeado. Espere a que cargue la vista del repositorio.
2026-09-01 12:16:30 | INFO     | alfresco_extractor:207 | Navegando directamente al repositorio: https://gesdoc.uis.edu.co/share/page/repository
2026-09-01 12:16:31 | INFO     | alfresco_extractor:217 | Árbol del repositorio cargado (raíz 'REPOSITORIO_UIS_0002').
2026-09-01 12:16:31 | INFO     | alfresco_extractor:723 | Traza: REPOSITORIO | REPOSITORIO_UIS_0002 | OK
2026-09-01 12:16:31 | INFO     | alfresco_extractor:609 | Repositorio 'REPOSITORIO_UIS_0002' OK. Expandiendo...
2026-09-01 12:17:14 | ERROR    | alfresco_extractor:323 | No se expandió el nodo 'REPOSITORIO_UIS_0002' a tiempo: Message: 

2026-09-01 12:17:14 | ERROR    | alfresco_extractor:835 | Excepción navegando '2025000387_9701': Message: 

2026-09-01 12:17:14 | INFO     | alfresco_extractor:876 | [95/749] '2025000387_9701' -> NO ENCONTRADO
2026-09-01 12:17:14 | INFO     | alfresco_extractor:677 | Buscando ruta UAA='1112_UISALUD' | SERIE='C09_CONTRATOS' | SUB-SERIE='C09.23_CONTR_PREST_SERVI_RED_SALUD'
2026-09-01 12:17:39 | WARNING  | alfresco_extractor:691 | Fast path sin éxito para '2025000388_9701'; se restaura el árbol y se usa la ruta oficial.
2026-09-01 12:17:44 | INFO     | alfresco_extractor:202 | Menú 'Repositorio' clickeado. Espere a que cargue la vista del repositorio.
2026-09-01 12:17:44 | INFO     | alfresco_extractor:207 | Navegando directamente al repositorio: https://gesdoc.uis.edu.co/share/page/repository
2026-09-01 12:17:46 | INFO     | alfresco_extractor:217 | Árbol del repositorio cargado (raíz 'REPOSITORIO_UIS_0002').
2026-09-01 12:17:46 | INFO     | alfresco_extractor:723 | Traza: REPOSITORIO | REPOSITORIO_UIS_0002 | OK
2026-09-01 12:17:46 | INFO     | alfresco_extractor:609 | Repositorio 'REPOSITORIO_UIS_0002' OK. Expandiendo...
2026-09-01 12:18:29 | ERROR    | alfresco_extractor:323 | No se expandió el nodo 'REPOSITORIO_UIS_0002' a tiempo: Message: 

2026-09-01 12:18:29 | ERROR    | alfresco_extractor:835 | Excepción navegando '2025000388_9701': Message: 

2026-09-01 12:18:29 | INFO     | alfresco_extractor:876 | [96/749] '2025000388_9701' -> NO ENCONTRADO
2026-09-01 12:18:29 | INFO     | alfresco_extractor:677 | Buscando ruta UAA='1112_UISALUD' | SERIE='C09_CONTRATOS' | SUB-SERIE='C09.23_CONTR_PREST_SERVI_RED_SALUD'
2026-09-01 12:18:53 | WARNING  | alfresco_extractor:691 | Fast path sin éxito para '2025000389_9701'; se restaura el árbol y se usa la ruta oficial.
2026-09-01 12:18:59 | INFO     | alfresco_extractor:202 | Menú 'Repositorio' clickeado. Espere a que cargue la vista del repositorio.
2026-09-01 12:18:59 | INFO     | alfresco_extractor:207 | Navegando directamente al repositorio: https://gesdoc.uis.edu.co/share/page/repository
2026-09-01 12:18:59 | INFO     | alfresco_extractor:217 | Árbol del repositorio cargado (raíz 'REPOSITORIO_UIS_0002').
2026-09-01 12:19:00 | INFO     | alfresco_extractor:723 | Traza: REPOSITORIO | REPOSITORIO_UIS_0002 | OK
2026-09-01 12:19:00 | INFO     | alfresco_extractor:609 | Repositorio 'REPOSITORIO_UIS_0002' OK. Expandiendo...
2026-09-01 12:19:43 | ERROR    | alfresco_extractor:323 | No se expandió el nodo 'REPOSITORIO_UIS_0002' a tiempo: Message: 

2026-09-01 12:19:43 | ERROR    | alfresco_extractor:835 | Excepción navegando '2025000389_9701': Message: 

2026-09-01 12:19:43 | INFO     | alfresco_extractor:876 | [97/749] '2025000389_9701' -> NO ENCONTRADO
2026-09-01 12:19:43 | INFO     | alfresco_extractor:677 | Buscando ruta UAA='1112_UISALUD' | SERIE='C09_CONTRATOS' | SUB-SERIE='C09.23_CONTR_PREST_SERVI_RED_SALUD'
2026-09-01 12:20:07 | WARNING  | alfresco_extractor:691 | Fast path sin éxito para '2025000390_9701'; se restaura el árbol y se usa la ruta oficial.
2026-09-01 12:20:12 | INFO     | alfresco_extractor:202 | Menú 'Repositorio' clickeado. Espere a que cargue la vista del repositorio.
2026-09-01 12:20:12 | INFO     | alfresco_extractor:207 | Navegando directamente al repositorio: https://gesdoc.uis.edu.co/share/page/repository
2026-09-01 12:20:13 | INFO     | alfresco_extractor:217 | Árbol del repositorio cargado (raíz 'REPOSITORIO_UIS_0002').
2026-09-01 12:20:13 | INFO     | alfresco_extractor:723 | Traza: REPOSITORIO | REPOSITORIO_UIS_0002 | OK
2026-09-01 12:20:13 | INFO     | alfresco_extractor:609 | Repositorio 'REPOSITORIO_UIS_0002' OK. Expandiendo...
2026-09-01 12:20:56 | ERROR    | alfresco_extractor:323 | No se expandió el nodo 'REPOSITORIO_UIS_0002' a tiempo: Message: 

2026-09-01 12:20:56 | ERROR    | alfresco_extractor:835 | Excepción navegando '2025000390_9701': Message: 

2026-09-01 12:20:56 | INFO     | alfresco_extractor:876 | [98/749] '2025000390_9701' -> NO ENCONTRADO
2026-09-01 12:20:56 | INFO     | alfresco_extractor:677 | Buscando ruta UAA='1112_UISALUD' | SERIE='C09_CONTRATOS' | SUB-SERIE='C09.23_CONTR_PREST_SERVI_RED_SALUD'
2026-09-01 12:21:20 | WARNING  | alfresco_extractor:691 | Fast path sin éxito para '2025000391_9701'; se restaura el árbol y se usa la ruta oficial.
2026-09-01 12:21:26 | INFO     | alfresco_extractor:202 | Menú 'Repositorio' clickeado. Espere a que cargue la vista del repositorio.
2026-09-01 12:21:26 | INFO     | alfresco_extractor:207 | Navegando directamente al repositorio: https://gesdoc.uis.edu.co/share/page/repository
2026-09-01 12:21:27 | INFO     | alfresco_extractor:217 | Árbol del repositorio cargado (raíz 'REPOSITORIO_UIS_0002').
2026-09-01 12:21:27 | INFO     | alfresco_extractor:723 | Traza: REPOSITORIO | REPOSITORIO_UIS_0002 | OK
2026-09-01 12:21:27 | INFO     | alfresco_extractor:609 | Repositorio 'REPOSITORIO_UIS_0002' OK. Expandiendo...
2026-09-01 12:22:10 | ERROR    | alfresco_extractor:323 | No se expandió el nodo 'REPOSITORIO_UIS_0002' a tiempo: Message: 

2026-09-01 12:22:10 | ERROR    | alfresco_extractor:835 | Excepción navegando '2025000391_9701': Message: 

2026-09-01 12:22:10 | INFO     | alfresco_extractor:876 | [99/749] '2025000391_9701' -> NO ENCONTRADO
2026-09-01 12:22:10 | INFO     | alfresco_extractor:677 | Buscando ruta UAA='1112_UISALUD' | SERIE='C09_CONTRATOS' | SUB-SERIE='C09.23_CONTR_PREST_SERVI_RED_SALUD'
2026-09-01 12:22:34 | WARNING  | alfresco_extractor:691 | Fast path sin éxito para '2025000392_9701'; se restaura el árbol y se usa la ruta oficial.
2026-09-01 12:22:39 | INFO     | alfresco_extractor:202 | Menú 'Repositorio' clickeado. Espere a que cargue la vista del repositorio.
2026-09-01 12:22:39 | INFO     | alfresco_extractor:207 | Navegando directamente al repositorio: https://gesdoc.uis.edu.co/share/page/repository
2026-09-01 12:22:40 | INFO     | alfresco_extractor:217 | Árbol del repositorio cargado (raíz 'REPOSITORIO_UIS_0002').
2026-09-01 12:22:40 | INFO     | alfresco_extractor:723 | Traza: REPOSITORIO | REPOSITORIO_UIS_0002 | OK
2026-09-01 12:22:40 | INFO     | alfresco_extractor:609 | Repositorio 'REPOSITORIO_UIS_0002' OK. Expandiendo...
2026-09-01 12:23:23 | ERROR    | alfresco_extractor:323 | No se expandió el nodo 'REPOSITORIO_UIS_0002' a tiempo: Message: 

2026-09-01 12:23:23 | ERROR    | alfresco_extractor:835 | Excepción navegando '2025000392_9701': Message: 

2026-09-01 12:23:23 | INFO     | alfresco_extractor:876 | [100/749] '2025000392_9701' -> NO ENCONTRADO
2026-09-01 12:23:23 | INFO     | alfresco_extractor:677 | Buscando ruta UAA='1112_UISALUD' | SERIE='C09_CONTRATOS' | SUB-SERIE='C09.23_CONTR_PREST_SERVI_RED_SALUD'
2026-09-01 12:23:45 | WARNING  | alfresco_extractor:543 | Fast path: sin resultados para '2025000393_9701'.
2026-09-01 12:23:45 | WARNING  | alfresco_extractor:691 | Fast path sin éxito para '2025000393_9701'; se restaura el árbol y se usa la ruta oficial.
2026-09-01 12:23:51 | INFO     | alfresco_extractor:202 | Menú 'Repositorio' clickeado. Espere a que cargue la vista del repositorio.
2026-09-01 12:23:51 | INFO     | alfresco_extractor:207 | Navegando directamente al repositorio: https://gesdoc.uis.edu.co/share/page/repository
2026-09-01 12:23:52 | INFO     | alfresco_extractor:217 | Árbol del repositorio cargado (raíz 'REPOSITORIO_UIS_0002').
2026-09-01 12:23:52 | INFO     | alfresco_extractor:723 | Traza: REPOSITORIO | REPOSITORIO_UIS_0002 | OK
2026-09-01 12:23:52 | INFO     | alfresco_extractor:609 | Repositorio 'REPOSITORIO_UIS_0002' OK. Expandiendo...
2026-09-01 12:24:35 | ERROR    | alfresco_extractor:323 | No se expandió el nodo 'REPOSITORIO_UIS_0002' a tiempo: Message: 

2026-09-01 12:24:35 | ERROR    | alfresco_extractor:835 | Excepción navegando '2025000393_9701': Message: 

2026-09-01 12:24:35 | INFO     | alfresco_extractor:876 | [101/749] '2025000393_9701' -> NO ENCONTRADO
2026-09-01 12:24:35 | INFO     | alfresco_extractor:677 | Buscando ruta UAA='1112_UISALUD' | SERIE='C09_CONTRATOS' | SUB-SERIE='C09.23_CONTR_PREST_SERVI_RED_SALUD'
2026-09-01 12:24:59 | WARNING  | alfresco_extractor:691 | Fast path sin éxito para '2025000394_9701'; se restaura el árbol y se usa la ruta oficial.
2026-09-01 12:25:05 | INFO     | alfresco_extractor:202 | Menú 'Repositorio' clickeado. Espere a que cargue la vista del repositorio.
2026-09-01 12:25:05 | INFO     | alfresco_extractor:207 | Navegando directamente al repositorio: https://gesdoc.uis.edu.co/share/page/repository
2026-09-01 12:25:05 | INFO     | alfresco_extractor:217 | Árbol del repositorio cargado (raíz 'REPOSITORIO_UIS_0002').
2026-09-01 12:25:06 | INFO     | alfresco_extractor:723 | Traza: REPOSITORIO | REPOSITORIO_UIS_0002 | OK
2026-09-01 12:25:06 | INFO     | alfresco_extractor:609 | Repositorio 'REPOSITORIO_UIS_0002' OK. Expandiendo...
2026-09-01 12:25:49 | ERROR    | alfresco_extractor:323 | No se expandió el nodo 'REPOSITORIO_UIS_0002' a tiempo: Message: 

2026-09-01 12:25:49 | ERROR    | alfresco_extractor:835 | Excepción navegando '2025000394_9701': Message: 

2026-09-01 12:25:49 | INFO     | alfresco_extractor:876 | [102/749] '2025000394_9701' -> NO ENCONTRADO
2026-09-01 12:25:49 | INFO     | alfresco_extractor:677 | Buscando ruta UAA='1112_UISALUD' | SERIE='C09_CONTRATOS' | SUB-SERIE='C09.23_CONTR_PREST_SERVI_RED_SALUD'
2026-09-01 12:26:14 | WARNING  | alfresco_extractor:691 | Fast path sin éxito para '2025000395_9701'; se restaura el árbol y se usa la ruta oficial.
2026-09-01 12:26:19 | INFO     | alfresco_extractor:202 | Menú 'Repositorio' clickeado. Espere a que cargue la vista del repositorio.
2026-09-01 12:26:19 | INFO     | alfresco_extractor:207 | Navegando directamente al repositorio: https://gesdoc.uis.edu.co/share/page/repository
2026-09-01 12:26:20 | INFO     | alfresco_extractor:217 | Árbol del repositorio cargado (raíz 'REPOSITORIO_UIS_0002').
2026-09-01 12:26:20 | INFO     | alfresco_extractor:723 | Traza: REPOSITORIO | REPOSITORIO_UIS_0002 | OK
2026-09-01 12:26:20 | INFO     | alfresco_extractor:609 | Repositorio 'REPOSITORIO_UIS_0002' OK. Expandiendo...
2026-09-01 12:27:03 | ERROR    | alfresco_extractor:323 | No se expandió el nodo 'REPOSITORIO_UIS_0002' a tiempo: Message: 

2026-09-01 12:27:03 | ERROR    | alfresco_extractor:835 | Excepción navegando '2025000395_9701': Message: 

2026-09-01 12:27:03 | INFO     | alfresco_extractor:876 | [103/749] '2025000395_9701' -> NO ENCONTRADO
2026-09-01 12:27:03 | INFO     | alfresco_extractor:677 | Buscando ruta UAA='1112_UISALUD' | SERIE='C09_CONTRATOS' | SUB-SERIE='C09.23_CONTR_PREST_SERVI_RED_SALUD'
2026-09-01 12:27:28 | WARNING  | alfresco_extractor:691 | Fast path sin éxito para '2025000396_9701'; se restaura el árbol y se usa la ruta oficial.
2026-09-01 12:27:33 | INFO     | alfresco_extractor:202 | Menú 'Repositorio' clickeado. Espere a que cargue la vista del repositorio.
2026-09-01 12:27:33 | INFO     | alfresco_extractor:207 | Navegando directamente al repositorio: https://gesdoc.uis.edu.co/share/page/repository
2026-09-01 12:27:34 | INFO     | alfresco_extractor:217 | Árbol del repositorio cargado (raíz 'REPOSITORIO_UIS_0002').
2026-09-01 12:27:34 | INFO     | alfresco_extractor:723 | Traza: REPOSITORIO | REPOSITORIO_UIS_0002 | OK
2026-09-01 12:27:34 | INFO     | alfresco_extractor:609 | Repositorio 'REPOSITORIO_UIS_0002' OK. Expandiendo...
2026-09-01 12:28:17 | ERROR    | alfresco_extractor:323 | No se expandió el nodo 'REPOSITORIO_UIS_0002' a tiempo: Message: 

2026-09-01 12:28:17 | ERROR    | alfresco_extractor:835 | Excepción navegando '2025000396_9701': Message: 

2026-09-01 12:28:17 | INFO     | alfresco_extractor:876 | [104/749] '2025000396_9701' -> NO ENCONTRADO
2026-09-01 12:28:17 | INFO     | alfresco_extractor:677 | Buscando ruta UAA='1112_UISALUD' | SERIE='C09_CONTRATOS' | SUB-SERIE='C09.23_CONTR_PREST_SERVI_RED_SALUD'
2026-09-01 12:28:39 | WARNING  | alfresco_extractor:543 | Fast path: sin resultados para '2025000412_9701'.
2026-09-01 12:28:39 | WARNING  | alfresco_extractor:691 | Fast path sin éxito para '2025000412_9701'; se restaura el árbol y se usa la ruta oficial.
2026-09-01 12:28:44 | INFO     | alfresco_extractor:202 | Menú 'Repositorio' clickeado. Espere a que cargue la vista del repositorio.
2026-09-01 12:28:44 | INFO     | alfresco_extractor:207 | Navegando directamente al repositorio: https://gesdoc.uis.edu.co/share/page/repository
2026-09-01 12:28:45 | INFO     | alfresco_extractor:217 | Árbol del repositorio cargado (raíz 'REPOSITORIO_UIS_0002').
2026-09-01 12:28:45 | INFO     | alfresco_extractor:723 | Traza: REPOSITORIO | REPOSITORIO_UIS_0002 | OK
2026-09-01 12:28:45 | INFO     | alfresco_extractor:609 | Repositorio 'REPOSITORIO_UIS_0002' OK. Expandiendo...
2026-09-01 12:29:28 | ERROR    | alfresco_extractor:323 | No se expandió el nodo 'REPOSITORIO_UIS_0002' a tiempo: Message: 

2026-09-01 12:29:28 | ERROR    | alfresco_extractor:835 | Excepción navegando '2025000412_9701': Message: 

2026-09-01 12:29:28 | INFO     | alfresco_extractor:876 | [105/749] '2025000412_9701' -> NO ENCONTRADO
2026-09-01 12:29:28 | INFO     | alfresco_extractor:677 | Buscando ruta UAA='1112_UISALUD' | SERIE='C09_CONTRATOS' | SUB-SERIE='C09.23_CONTR_PREST_SERVI_RED_SALUD'
2026-09-01 12:29:53 | WARNING  | alfresco_extractor:691 | Fast path sin éxito para '2025000414_9701'; se restaura el árbol y se usa la ruta oficial.
2026-09-01 12:29:58 | INFO     | alfresco_extractor:202 | Menú 'Repositorio' clickeado. Espere a que cargue la vista del repositorio.
2026-09-01 12:29:58 | INFO     | alfresco_extractor:207 | Navegando directamente al repositorio: https://gesdoc.uis.edu.co/share/page/repository
2026-09-01 12:29:59 | INFO     | alfresco_extractor:217 | Árbol del repositorio cargado (raíz 'REPOSITORIO_UIS_0002').
2026-09-01 12:29:59 | INFO     | alfresco_extractor:723 | Traza: REPOSITORIO | REPOSITORIO_UIS_0002 | OK
2026-09-01 12:29:59 | INFO     | alfresco_extractor:609 | Repositorio 'REPOSITORIO_UIS_0002' OK. Expandiendo...
2026-09-01 12:30:43 | ERROR    | alfresco_extractor:323 | No se expandió el nodo 'REPOSITORIO_UIS_0002' a tiempo: Message: 

2026-09-01 12:30:43 | ERROR    | alfresco_extractor:835 | Excepción navegando '2025000414_9701': Message: 

2026-09-01 12:30:43 | INFO     | alfresco_extractor:876 | [106/749] '2025000414_9701' -> NO ENCONTRADO
2026-09-01 12:30:43 | INFO     | alfresco_extractor:677 | Buscando ruta UAA='1112_UISALUD' | SERIE='C09_CONTRATOS' | SUB-SERIE='C09.23_CONTR_PREST_SERVI_RED_SALUD'
2026-09-01 12:31:04 | WARNING  | alfresco_extractor:543 | Fast path: sin resultados para '2025000416_9701'.
2026-09-01 12:31:04 | WARNING  | alfresco_extractor:691 | Fast path sin éxito para '2025000416_9701'; se restaura el árbol y se usa la ruta oficial.
2026-09-01 12:31:10 | INFO     | alfresco_extractor:202 | Menú 'Repositorio' clickeado. Espere a que cargue la vista del repositorio.
2026-09-01 12:31:10 | INFO     | alfresco_extractor:207 | Navegando directamente al repositorio: https://gesdoc.uis.edu.co/share/page/repository
2026-09-01 12:31:11 | INFO     | alfresco_extractor:217 | Árbol del repositorio cargado (raíz 'REPOSITORIO_UIS_0002').
2026-09-01 12:31:11 | INFO     | alfresco_extractor:723 | Traza: REPOSITORIO | REPOSITORIO_UIS_0002 | OK
2026-09-01 12:31:11 | INFO     | alfresco_extractor:609 | Repositorio 'REPOSITORIO_UIS_0002' OK. Expandiendo...
2026-09-01 12:31:54 | ERROR    | alfresco_extractor:323 | No se expandió el nodo 'REPOSITORIO_UIS_0002' a tiempo: Message: 

2026-09-01 12:31:54 | ERROR    | alfresco_extractor:835 | Excepción navegando '2025000416_9701': Message: 

2026-09-01 12:31:54 | INFO     | alfresco_extractor:876 | [107/749] '2025000416_9701' -> NO ENCONTRADO
2026-09-01 12:31:54 | INFO     | alfresco_extractor:677 | Buscando ruta UAA='1112_UISALUD' | SERIE='C09_CONTRATOS' | SUB-SERIE='C09.23_CONTR_PREST_SERVI_RED_SALUD'
2026-09-01 12:32:16 | WARNING  | alfresco_extractor:543 | Fast path: sin resultados para '2025000418_9701'.
2026-09-01 12:32:16 | WARNING  | alfresco_extractor:691 | Fast path sin éxito para '2025000418_9701'; se restaura el árbol y se usa la ruta oficial.
2026-09-01 12:32:21 | INFO     | alfresco_extractor:202 | Menú 'Repositorio' clickeado. Espere a que cargue la vista del repositorio.
2026-09-01 12:32:21 | INFO     | alfresco_extractor:207 | Navegando directamente al repositorio: https://gesdoc.uis.edu.co/share/page/repository
2026-09-01 12:32:22 | INFO     | alfresco_extractor:217 | Árbol del repositorio cargado (raíz 'REPOSITORIO_UIS_0002').
2026-09-01 12:32:22 | INFO     | alfresco_extractor:723 | Traza: REPOSITORIO | REPOSITORIO_UIS_0002 | OK
2026-09-01 12:32:22 | INFO     | alfresco_extractor:609 | Repositorio 'REPOSITORIO_UIS_0002' OK. Expandiendo...
2026-09-01 12:33:05 | ERROR    | alfresco_extractor:323 | No se expandió el nodo 'REPOSITORIO_UIS_0002' a tiempo: Message: 

2026-09-01 12:33:05 | ERROR    | alfresco_extractor:835 | Excepción navegando '2025000418_9701': Message: 

2026-09-01 12:33:05 | INFO     | alfresco_extractor:876 | [108/749] '2025000418_9701' -> NO ENCONTRADO
2026-09-01 12:33:05 | INFO     | alfresco_extractor:677 | Buscando ruta UAA='1112_UISALUD' | SERIE='C09_CONTRATOS' | SUB-SERIE='C09.23_CONTR_PREST_SERVI_RED_SALUD'
2026-09-01 12:33:29 | WARNING  | alfresco_extractor:691 | Fast path sin éxito para '2025000423_9701'; se restaura el árbol y se usa la ruta oficial.
2026-09-01 12:33:34 | INFO     | alfresco_extractor:202 | Menú 'Repositorio' clickeado. Espere a que cargue la vista del repositorio.
2026-09-01 12:33:34 | INFO     | alfresco_extractor:207 | Navegando directamente al repositorio: https://gesdoc.uis.edu.co/share/page/repository
2026-09-01 12:33:36 | INFO     | alfresco_extractor:217 | Árbol del repositorio cargado (raíz 'REPOSITORIO_UIS_0002').
2026-09-01 12:33:36 | INFO     | alfresco_extractor:723 | Traza: REPOSITORIO | REPOSITORIO_UIS_0002 | OK
2026-09-01 12:33:36 | INFO     | alfresco_extractor:609 | Repositorio 'REPOSITORIO_UIS_0002' OK. Expandiendo...
2026-09-01 12:34:19 | ERROR    | alfresco_extractor:323 | No se expandió el nodo 'REPOSITORIO_UIS_0002' a tiempo: Message: 

2026-09-01 12:34:19 | ERROR    | alfresco_extractor:835 | Excepción navegando '2025000423_9701': Message: 

2026-09-01 12:34:19 | INFO     | alfresco_extractor:876 | [109/749] '2025000423_9701' -> NO ENCONTRADO
2026-09-01 12:34:19 | INFO     | alfresco_extractor:677 | Buscando ruta UAA='1112_UISALUD' | SERIE='C09_CONTRATOS' | SUB-SERIE='C09.23_CONTR_PREST_SERVI_RED_SALUD'
2026-09-01 12:34:40 | WARNING  | alfresco_extractor:543 | Fast path: sin resultados para '2025000424_9701'.
2026-09-01 12:34:40 | WARNING  | alfresco_extractor:691 | Fast path sin éxito para '2025000424_9701'; se restaura el árbol y se usa la ruta oficial.
2026-09-01 12:34:46 | INFO     | alfresco_extractor:202 | Menú 'Repositorio' clickeado. Espere a que cargue la vista del repositorio.
2026-09-01 12:34:46 | INFO     | alfresco_extractor:207 | Navegando directamente al repositorio: https://gesdoc.uis.edu.co/share/page/repository
2026-09-01 12:34:47 | INFO     | alfresco_extractor:217 | Árbol del repositorio cargado (raíz 'REPOSITORIO_UIS_0002').
2026-09-01 12:34:47 | INFO     | alfresco_extractor:723 | Traza: REPOSITORIO | REPOSITORIO_UIS_0002 | OK
2026-09-01 12:34:47 | INFO     | alfresco_extractor:609 | Repositorio 'REPOSITORIO_UIS_0002' OK. Expandiendo...
2026-09-01 12:35:30 | ERROR    | alfresco_extractor:323 | No se expandió el nodo 'REPOSITORIO_UIS_0002' a tiempo: Message: 

2026-09-01 12:35:30 | ERROR    | alfresco_extractor:835 | Excepción navegando '2025000424_9701': Message: 

2026-09-01 12:35:30 | INFO     | alfresco_extractor:876 | [110/749] '2025000424_9701' -> NO ENCONTRADO
2026-09-01 12:35:30 | INFO     | alfresco_extractor:677 | Buscando ruta UAA='1112_UISALUD' | SERIE='C09_CONTRATOS' | SUB-SERIE='C09.23_CONTR_PREST_SERVI_RED_SALUD'
2026-09-01 12:35:52 | WARNING  | alfresco_extractor:543 | Fast path: sin resultados para '2025000458_9701'.
2026-09-01 12:35:52 | WARNING  | alfresco_extractor:691 | Fast path sin éxito para '2025000458_9701'; se restaura el árbol y se usa la ruta oficial.
2026-09-01 12:35:58 | INFO     | alfresco_extractor:202 | Menú 'Repositorio' clickeado. Espere a que cargue la vista del repositorio.
2026-09-01 12:35:58 | INFO     | alfresco_extractor:207 | Navegando directamente al repositorio: https://gesdoc.uis.edu.co/share/page/repository
2026-09-01 12:36:18 | INFO     | alfresco_extractor:217 | Árbol del repositorio cargado (raíz 'REPOSITORIO_UIS_0002').
2026-09-01 12:36:18 | INFO     | alfresco_extractor:723 | Traza: REPOSITORIO | REPOSITORIO_UIS_0002 | OK
2026-09-01 12:36:18 | INFO     | alfresco_extractor:609 | Repositorio 'REPOSITORIO_UIS_0002' OK. Expandiendo...
2026-09-01 12:37:01 | ERROR    | alfresco_extractor:323 | No se expandió el nodo 'REPOSITORIO_UIS_0002' a tiempo: Message: 

2026-09-01 12:37:01 | ERROR    | alfresco_extractor:835 | Excepción navegando '2025000458_9701': Message: 

2026-09-01 12:37:01 | INFO     | alfresco_extractor:876 | [111/749] '2025000458_9701' -> NO ENCONTRADO
2026-09-01 12:37:01 | INFO     | alfresco_extractor:677 | Buscando ruta UAA='1112_UISALUD' | SERIE='C09_CONTRATOS' | SUB-SERIE='C09.23_CONTR_PREST_SERVI_RED_SALUD'
2026-09-01 12:37:10 | INFO     | alfresco_extractor:723 | Traza: BUSQUEDA | 2025000459_9701 | OK
2026-09-01 12:37:10 | INFO     | alfresco_extractor:689 | Fast path: expediente '2025000459_9701' localizado vía buscador global.
2026-09-01 12:37:10 | INFO     | alfresco_extractor:876 | [112/749] '2025000459_9701' -> ENCONTRADO
2026-09-01 12:37:10 | INFO     | alfresco_extractor:677 | Buscando ruta UAA='1112_UISALUD' | SERIE='C09_CONTRATOS' | SUB-SERIE='C09.23_CONTR_PREST_SERVI_RED_SALUD'
2026-09-01 12:37:22 | INFO     | alfresco_extractor:723 | Traza: BUSQUEDA | 2025000460_9701 | OK
2026-09-01 12:37:22 | INFO     | alfresco_extractor:689 | Fast path: expediente '2025000460_9701' localizado vía buscador global.
2026-09-01 12:37:22 | INFO     | alfresco_extractor:876 | [113/749] '2025000460_9701' -> ENCONTRADO
2026-09-01 12:37:22 | INFO     | alfresco_extractor:677 | Buscando ruta UAA='1112_UISALUD' | SERIE='C09_CONTRATOS' | SUB-SERIE='C09.23_CONTR_PREST_SERVI_RED_SALUD'
2026-09-01 12:37:31 | INFO     | alfresco_extractor:723 | Traza: BUSQUEDA | 2025000461_9702 | OK
2026-09-01 12:37:31 | INFO     | alfresco_extractor:689 | Fast path: expediente '2025000461_9702' localizado vía buscador global.
2026-09-01 12:37:31 | INFO     | alfresco_extractor:876 | [114/749] '2025000461_9702' -> ENCONTRADO
2026-09-01 12:37:31 | INFO     | alfresco_extractor:677 | Buscando ruta UAA='1112_UISALUD' | SERIE='C09_CONTRATOS' | SUB-SERIE='C09.23_CONTR_PREST_SERVI_RED_SALUD'
2026-09-01 12:37:52 | WARNING  | alfresco_extractor:543 | Fast path: sin resultados para '2025000462_9702'.
2026-09-01 12:37:52 | WARNING  | alfresco_extractor:691 | Fast path sin éxito para '2025000462_9702'; se restaura el árbol y se usa la ruta oficial.
2026-09-01 12:37:57 | INFO     | alfresco_extractor:202 | Menú 'Repositorio' clickeado. Espere a que cargue la vista del repositorio.
2026-09-01 12:37:57 | INFO     | alfresco_extractor:207 | Navegando directamente al repositorio: https://gesdoc.uis.edu.co/share/page/repository
2026-09-01 12:37:58 | INFO     | alfresco_extractor:217 | Árbol del repositorio cargado (raíz 'REPOSITORIO_UIS_0002').
2026-09-01 12:37:58 | INFO     | alfresco_extractor:723 | Traza: REPOSITORIO | REPOSITORIO_UIS_0002 | OK
2026-09-01 12:37:58 | INFO     | alfresco_extractor:609 | Repositorio 'REPOSITORIO_UIS_0002' OK. Expandiendo...
2026-09-01 12:38:20 | INFO     | alfresco_extractor:723 | Traza: UAA | 1112_UISALUD | OK
2026-09-01 12:38:20 | INFO     | alfresco_extractor:623 | UAA '1112_UISALUD' OK. Expandiendo...
2026-09-01 12:38:32 | INFO     | alfresco_extractor:723 | Traza: SERIE | 1112_C09_CONTRATOS | OK
2026-09-01 12:38:32 | INFO     | alfresco_extractor:642 | SERIE '1112_C09_CONTRATOS' OK. Expandiendo...
2026-09-01 12:38:43 | INFO     | alfresco_extractor:723 | Traza: SUB-SERIE | 1112_C09.23_CONTR_PREST_SERVI_RED_SALUD | OK
2026-09-01 12:38:49 | INFO     | alfresco_extractor:660 | Sub-serie '1112_C09.23_CONTR_PREST_SERVI_RED_SALUD' alcanzada y seleccionada. Ruta completa OK.
2026-09-01 12:39:14 | INFO     | alfresco_extractor:723 | Traza: EXPEDIENTE | 2025000462_9702 | NO
2026-09-01 12:39:14 | WARNING  | alfresco_extractor:713 | EXPEDIENTE '2025000462_9702' no encontrado dentro de la subserie '1112_C09.23_CONTR_PREST_SERVI_RED_SALUD'.
2026-09-01 12:39:14 | INFO     | alfresco_extractor:876 | [115/749] '2025000462_9702' -> SUB-SERIE OK / EXP NO
2026-09-01 12:39:14 | INFO     | alfresco_extractor:677 | Buscando ruta UAA='1112_UISALUD' | SERIE='C09_CONTRATOS' | SUB-SERIE='C09.23_CONTR_PREST_SERVI_RED_SALUD'
2026-09-01 12:39:24 | INFO     | alfresco_extractor:723 | Traza: BUSQUEDA | 2025000463_9702 | OK
2026-09-01 12:39:24 | INFO     | alfresco_extractor:689 | Fast path: expediente '2025000463_9702' localizado vía buscador global.
2026-09-01 12:39:24 | INFO     | alfresco_extractor:876 | [116/749] '2025000463_9702' -> ENCONTRADO
2026-09-01 12:39:24 | INFO     | alfresco_extractor:677 | Buscando ruta UAA='1112_UISALUD' | SERIE='C09_CONTRATOS' | SUB-SERIE='C09.23_CONTR_PREST_SERVI_RED_SALUD'
2026-09-01 12:39:33 | INFO     | alfresco_extractor:723 | Traza: BUSQUEDA | 2025000466_9701 | OK
2026-09-01 12:39:33 | INFO     | alfresco_extractor:689 | Fast path: expediente '2025000466_9701' localizado vía buscador global.
2026-09-01 12:39:33 | INFO     | alfresco_extractor:876 | [117/749] '2025000466_9701' -> ENCONTRADO
2026-09-01 12:39:33 | INFO     | alfresco_extractor:677 | Buscando ruta UAA='1112_UISALUD' | SERIE='C09_CONTRATOS' | SUB-SERIE='C09.23_CONTR_PREST_SERVI_RED_SALUD'
2026-09-01 12:39:54 | WARNING  | alfresco_extractor:543 | Fast path: sin resultados para '2025000467_9701'.
2026-09-01 12:39:54 | WARNING  | alfresco_extractor:691 | Fast path sin éxito para '2025000467_9701'; se restaura el árbol y se usa la ruta oficial.
2026-09-01 12:40:00 | INFO     | alfresco_extractor:202 | Menú 'Repositorio' clickeado. Espere a que cargue la vista del repositorio.
2026-09-01 12:40:00 | INFO     | alfresco_extractor:207 | Navegando directamente al repositorio: https://gesdoc.uis.edu.co/share/page/repository
2026-09-01 12:40:00 | INFO     | alfresco_extractor:217 | Árbol del repositorio cargado (raíz 'REPOSITORIO_UIS_0002').
2026-09-01 12:40:00 | INFO     | alfresco_extractor:723 | Traza: REPOSITORIO | REPOSITORIO_UIS_0002 | OK
2026-09-01 12:40:00 | INFO     | alfresco_extractor:609 | Repositorio 'REPOSITORIO_UIS_0002' OK. Expandiendo...
2026-09-01 12:40:22 | INFO     | alfresco_extractor:723 | Traza: UAA | 1112_UISALUD | OK
2026-09-01 12:40:22 | INFO     | alfresco_extractor:623 | UAA '1112_UISALUD' OK. Expandiendo...
2026-09-01 12:40:34 | INFO     | alfresco_extractor:723 | Traza: SERIE | 1112_C09_CONTRATOS | OK
2026-09-01 12:40:34 | INFO     | alfresco_extractor:642 | SERIE '1112_C09_CONTRATOS' OK. Expandiendo...
2026-09-01 12:40:46 | INFO     | alfresco_extractor:723 | Traza: SUB-SERIE | 1112_C09.23_CONTR_PREST_SERVI_RED_SALUD | OK
2026-09-01 12:40:51 | INFO     | alfresco_extractor:660 | Sub-serie '1112_C09.23_CONTR_PREST_SERVI_RED_SALUD' alcanzada y seleccionada. Ruta completa OK.
2026-09-01 12:41:17 | INFO     | alfresco_extractor:723 | Traza: EXPEDIENTE | 2025000467_9701 | NO
2026-09-01 12:41:17 | WARNING  | alfresco_extractor:713 | EXPEDIENTE '2025000467_9701' no encontrado dentro de la subserie '1112_C09.23_CONTR_PREST_SERVI_RED_SALUD'.
2026-09-01 12:41:17 | INFO     | alfresco_extractor:876 | [118/749] '2025000467_9701' -> SUB-SERIE OK / EXP NO
2026-09-01 12:41:17 | INFO     | alfresco_extractor:677 | Buscando ruta UAA='1112_UISALUD' | SERIE='C09_CONTRATOS' | SUB-SERIE='C09.23_CONTR_PREST_SERVI_RED_SALUD'
2026-09-01 12:41:38 | WARNING  | alfresco_extractor:543 | Fast path: sin resultados para '2025000468_9701'.
2026-09-01 12:41:38 | WARNING  | alfresco_extractor:691 | Fast path sin éxito para '2025000468_9701'; se restaura el árbol y se usa la ruta oficial.
2026-09-01 12:41:43 | INFO     | alfresco_extractor:202 | Menú 'Repositorio' clickeado. Espere a que cargue la vista del repositorio.
2026-09-01 12:41:43 | INFO     | alfresco_extractor:207 | Navegando directamente al repositorio: https://gesdoc.uis.edu.co/share/page/repository
2026-09-01 12:41:44 | INFO     | alfresco_extractor:217 | Árbol del repositorio cargado (raíz 'REPOSITORIO_UIS_0002').
2026-09-01 12:41:44 | INFO     | alfresco_extractor:723 | Traza: REPOSITORIO | REPOSITORIO_UIS_0002 | OK
2026-09-01 12:41:44 | INFO     | alfresco_extractor:609 | Repositorio 'REPOSITORIO_UIS_0002' OK. Expandiendo...
2026-09-01 12:42:06 | INFO     | alfresco_extractor:723 | Traza: UAA | 1112_UISALUD | OK
2026-09-01 12:42:06 | INFO     | alfresco_extractor:623 | UAA '1112_UISALUD' OK. Expandiendo...
2026-09-01 12:42:17 | INFO     | alfresco_extractor:723 | Traza: SERIE | 1112_C09_CONTRATOS | OK
2026-09-01 12:42:17 | INFO     | alfresco_extractor:642 | SERIE '1112_C09_CONTRATOS' OK. Expandiendo...
2026-09-01 12:42:29 | INFO     | alfresco_extractor:723 | Traza: SUB-SERIE | 1112_C09.23_CONTR_PREST_SERVI_RED_SALUD | OK
2026-09-01 12:42:35 | INFO     | alfresco_extractor:660 | Sub-serie '1112_C09.23_CONTR_PREST_SERVI_RED_SALUD' alcanzada y seleccionada. Ruta completa OK.
2026-09-01 12:43:00 | INFO     | alfresco_extractor:723 | Traza: EXPEDIENTE | 2025000468_9701 | NO
2026-09-01 12:43:00 | WARNING  | alfresco_extractor:713 | EXPEDIENTE '2025000468_9701' no encontrado dentro de la subserie '1112_C09.23_CONTR_PREST_SERVI_RED_SALUD'.
2026-09-01 12:43:00 | INFO     | alfresco_extractor:876 | [119/749] '2025000468_9701' -> SUB-SERIE OK / EXP NO
2026-09-01 12:43:00 | INFO     | alfresco_extractor:677 | Buscando ruta UAA='1112_UISALUD' | SERIE='C09_CONTRATOS' | SUB-SERIE='C09.23_CONTR_PREST_SERVI_RED_SALUD'
2026-09-01 12:43:21 | WARNING  | alfresco_extractor:543 | Fast path: sin resultados para '2025000470_9702'.
2026-09-01 12:43:21 | WARNING  | alfresco_extractor:691 | Fast path sin éxito para '2025000470_9702'; se restaura el árbol y se usa la ruta oficial.
2026-09-01 12:43:27 | INFO     | alfresco_extractor:202 | Menú 'Repositorio' clickeado. Espere a que cargue la vista del repositorio.
2026-09-01 12:43:27 | INFO     | alfresco_extractor:207 | Navegando directamente al repositorio: https://gesdoc.uis.edu.co/share/page/repository
2026-09-01 12:43:27 | INFO     | alfresco_extractor:217 | Árbol del repositorio cargado (raíz 'REPOSITORIO_UIS_0002').
2026-09-01 12:43:27 | INFO     | alfresco_extractor:723 | Traza: REPOSITORIO | REPOSITORIO_UIS_0002 | OK
2026-09-01 12:43:27 | INFO     | alfresco_extractor:609 | Repositorio 'REPOSITORIO_UIS_0002' OK. Expandiendo...
2026-09-01 12:43:50 | INFO     | alfresco_extractor:723 | Traza: UAA | 1112_UISALUD | OK
2026-09-01 12:43:50 | INFO     | alfresco_extractor:623 | UAA '1112_UISALUD' OK. Expandiendo...
2026-09-01 12:44:02 | INFO     | alfresco_extractor:723 | Traza: SERIE | 1112_C09_CONTRATOS | OK
2026-09-01 12:44:02 | INFO     | alfresco_extractor:642 | SERIE '1112_C09_CONTRATOS' OK. Expandiendo...
2026-09-01 12:44:13 | INFO     | alfresco_extractor:723 | Traza: SUB-SERIE | 1112_C09.23_CONTR_PREST_SERVI_RED_SALUD | OK
2026-09-01 12:44:19 | INFO     | alfresco_extractor:660 | Sub-serie '1112_C09.23_CONTR_PREST_SERVI_RED_SALUD' alcanzada y seleccionada. Ruta completa OK.
2026-09-01 12:44:44 | INFO     | alfresco_extractor:723 | Traza: EXPEDIENTE | 2025000470_9702 | NO
2026-09-01 12:44:44 | WARNING  | alfresco_extractor:713 | EXPEDIENTE '2025000470_9702' no encontrado dentro de la subserie '1112_C09.23_CONTR_PREST_SERVI_RED_SALUD'.
2026-09-01 12:44:44 | INFO     | alfresco_extractor:876 | [120/749] '2025000470_9702' -> SUB-SERIE OK / EXP NO
2026-09-01 12:44:44 | INFO     | alfresco_extractor:677 | Buscando ruta UAA='1112_UISALUD' | SERIE='C09_CONTRATOS' | SUB-SERIE='C09.23_CONTR_PREST_SERVI_RED_SALUD'
2026-09-01 12:44:52 | INFO     | alfresco_extractor:723 | Traza: BUSQUEDA | 2025000471_9701 | OK
2026-09-01 12:44:52 | INFO     | alfresco_extractor:689 | Fast path: expediente '2025000471_9701' localizado vía buscador global.
2026-09-01 12:44:52 | INFO     | alfresco_extractor:876 | [121/749] '2025000471_9701' -> ENCONTRADO
2026-09-01 12:44:52 | INFO     | alfresco_extractor:677 | Buscando ruta UAA='1112_UISALUD' | SERIE='C09_CONTRATOS' | SUB-SERIE='C09.23_CONTR_PREST_SERVI_RED_SALUD'
2026-09-01 12:45:13 | WARNING  | alfresco_extractor:691 | Fast path sin éxito para '2025000472_9701'; se restaura el árbol y se usa la ruta oficial.
2026-09-01 12:45:18 | INFO     | alfresco_extractor:202 | Menú 'Repositorio' clickeado. Espere a que cargue la vista del repositorio.
2026-09-01 12:45:18 | INFO     | alfresco_extractor:217 | Árbol del repositorio cargado (raíz 'REPOSITORIO_UIS_0002').
2026-09-01 12:45:19 | INFO     | alfresco_extractor:723 | Traza: REPOSITORIO | REPOSITORIO_UIS_0002 | OK
2026-09-01 12:45:19 | INFO     | alfresco_extractor:609 | Repositorio 'REPOSITORIO_UIS_0002' OK. Expandiendo...
2026-09-01 12:45:42 | INFO     | alfresco_extractor:723 | Traza: UAA | 1112_UISALUD | OK
2026-09-01 12:45:42 | INFO     | alfresco_extractor:623 | UAA '1112_UISALUD' OK. Expandiendo...
2026-09-01 12:45:53 | INFO     | alfresco_extractor:723 | Traza: SERIE | 1112_C09_CONTRATOS | OK
2026-09-01 12:45:53 | INFO     | alfresco_extractor:642 | SERIE '1112_C09_CONTRATOS' OK. Expandiendo...
2026-09-01 12:46:05 | INFO     | alfresco_extractor:723 | Traza: SUB-SERIE | 1112_C09.23_CONTR_PREST_SERVI_RED_SALUD | OK
2026-09-01 12:46:10 | INFO     | alfresco_extractor:660 | Sub-serie '1112_C09.23_CONTR_PREST_SERVI_RED_SALUD' alcanzada y seleccionada. Ruta completa OK.
2026-09-01 12:46:36 | INFO     | alfresco_extractor:723 | Traza: EXPEDIENTE | 2025000472_9701 | NO
2026-09-01 12:46:36 | WARNING  | alfresco_extractor:713 | EXPEDIENTE '2025000472_9701' no encontrado dentro de la subserie '1112_C09.23_CONTR_PREST_SERVI_RED_SALUD'.
2026-09-01 12:46:36 | INFO     | alfresco_extractor:876 | [122/749] '2025000472_9701' -> SUB-SERIE OK / EXP NO
2026-09-01 12:46:36 | INFO     | alfresco_extractor:677 | Buscando ruta UAA='1112_UISALUD' | SERIE='C09_CONTRATOS' | SUB-SERIE='C09.23_CONTR_PREST_SERVI_RED_SALUD'
2026-09-01 12:47:07 | WARNING  | alfresco_extractor:543 | Fast path: sin resultados para '2025000473_9701'.
2026-09-01 12:47:07 | WARNING  | alfresco_extractor:691 | Fast path sin éxito para '2025000473_9701'; se restaura el árbol y se usa la ruta oficial.
2026-09-01 12:47:12 | INFO     | alfresco_extractor:202 | Menú 'Repositorio' clickeado. Espere a que cargue la vista del repositorio.
2026-09-01 12:47:12 | INFO     | alfresco_extractor:207 | Navegando directamente al repositorio: https://gesdoc.uis.edu.co/share/page/repository
2026-09-01 12:47:14 | INFO     | alfresco_extractor:217 | Árbol del repositorio cargado (raíz 'REPOSITORIO_UIS_0002').
2026-09-01 12:47:14 | INFO     | alfresco_extractor:723 | Traza: REPOSITORIO | REPOSITORIO_UIS_0002 | OK
2026-09-01 12:47:14 | INFO     | alfresco_extractor:609 | Repositorio 'REPOSITORIO_UIS_0002' OK. Expandiendo...
2026-09-01 12:47:43 | INFO     | alfresco_extractor:723 | Traza: UAA | 1112_UISALUD | OK
2026-09-01 12:47:43 | INFO     | alfresco_extractor:623 | UAA '1112_UISALUD' OK. Expandiendo...
2026-09-01 12:47:55 | INFO     | alfresco_extractor:723 | Traza: SERIE | 1112_C09_CONTRATOS | OK
2026-09-01 12:47:55 | INFO     | alfresco_extractor:642 | SERIE '1112_C09_CONTRATOS' OK. Expandiendo...
2026-09-01 12:48:06 | INFO     | alfresco_extractor:723 | Traza: SUB-SERIE | 1112_C09.23_CONTR_PREST_SERVI_RED_SALUD | OK
2026-09-01 12:48:12 | INFO     | alfresco_extractor:660 | Sub-serie '1112_C09.23_CONTR_PREST_SERVI_RED_SALUD' alcanzada y seleccionada. Ruta completa OK.
2026-09-01 12:48:37 | INFO     | alfresco_extractor:723 | Traza: EXPEDIENTE | 2025000473_9701 | NO
2026-09-01 12:48:37 | WARNING  | alfresco_extractor:713 | EXPEDIENTE '2025000473_9701' no encontrado dentro de la subserie '1112_C09.23_CONTR_PREST_SERVI_RED_SALUD'.
2026-09-01 12:48:37 | INFO     | alfresco_extractor:876 | [123/749] '2025000473_9701' -> SUB-SERIE OK / EXP NO
2026-09-01 12:48:37 | INFO     | alfresco_extractor:677 | Buscando ruta UAA='1112_UISALUD' | SERIE='C09_CONTRATOS' | SUB-SERIE='C09.23_CONTR_PREST_SERVI_RED_SALUD'
2026-09-01 12:48:59 | WARNING  | alfresco_extractor:543 | Fast path: sin resultados para '2025000474_9701'.
2026-09-01 12:48:59 | WARNING  | alfresco_extractor:691 | Fast path sin éxito para '2025000474_9701'; se restaura el árbol y se usa la ruta oficial.
2026-09-01 12:49:04 | INFO     | alfresco_extractor:202 | Menú 'Repositorio' clickeado. Espere a que cargue la vista del repositorio.
2026-09-01 12:49:04 | INFO     | alfresco_extractor:207 | Navegando directamente al repositorio: https://gesdoc.uis.edu.co/share/page/repository
2026-09-01 12:49:08 | INFO     | alfresco_extractor:217 | Árbol del repositorio cargado (raíz 'REPOSITORIO_UIS_0002').
2026-09-01 12:49:09 | INFO     | alfresco_extractor:723 | Traza: REPOSITORIO | REPOSITORIO_UIS_0002 | OK
2026-09-01 12:49:09 | INFO     | alfresco_extractor:609 | Repositorio 'REPOSITORIO_UIS_0002' OK. Expandiendo...
2026-09-01 12:49:31 | INFO     | alfresco_extractor:723 | Traza: UAA | 1112_UISALUD | OK
2026-09-01 12:49:31 | INFO     | alfresco_extractor:623 | UAA '1112_UISALUD' OK. Expandiendo...
2026-09-01 12:49:42 | INFO     | alfresco_extractor:723 | Traza: SERIE | 1112_C09_CONTRATOS | OK
2026-09-01 12:49:42 | INFO     | alfresco_extractor:642 | SERIE '1112_C09_CONTRATOS' OK. Expandiendo...
2026-09-01 12:49:55 | INFO     | alfresco_extractor:723 | Traza: SUB-SERIE | 1112_C09.23_CONTR_PREST_SERVI_RED_SALUD | OK
2026-09-01 12:50:01 | INFO     | alfresco_extractor:660 | Sub-serie '1112_C09.23_CONTR_PREST_SERVI_RED_SALUD' alcanzada y seleccionada. Ruta completa OK.
2026-09-01 12:50:26 | INFO     | alfresco_extractor:723 | Traza: EXPEDIENTE | 2025000474_9701 | NO
2026-09-01 12:50:26 | WARNING  | alfresco_extractor:713 | EXPEDIENTE '2025000474_9701' no encontrado dentro de la subserie '1112_C09.23_CONTR_PREST_SERVI_RED_SALUD'.
2026-09-01 12:50:26 | INFO     | alfresco_extractor:876 | [124/749] '2025000474_9701' -> SUB-SERIE OK / EXP NO
2026-09-01 12:50:26 | INFO     | alfresco_extractor:677 | Buscando ruta UAA='1112_UISALUD' | SERIE='C09_CONTRATOS' | SUB-SERIE='C09.23_CONTR_PREST_SERVI_RED_SALUD'
2026-09-01 12:50:35 | INFO     | alfresco_extractor:723 | Traza: BUSQUEDA | 2025000476_9701 | OK
2026-09-01 12:50:35 | INFO     | alfresco_extractor:689 | Fast path: expediente '2025000476_9701' localizado vía buscador global.
2026-09-01 12:50:35 | INFO     | alfresco_extractor:876 | [125/749] '2025000476_9701' -> ENCONTRADO
2026-09-01 12:50:35 | INFO     | alfresco_extractor:677 | Buscando ruta UAA='1112_UISALUD' | SERIE='C09_CONTRATOS' | SUB-SERIE='C09.23_CONTR_PREST_SERVI_RED_SALUD'
2026-09-01 12:50:44 | INFO     | alfresco_extractor:723 | Traza: BUSQUEDA | 2025000477_9701 | OK
2026-09-01 12:50:44 | INFO     | alfresco_extractor:689 | Fast path: expediente '2025000477_9701' localizado vía buscador global.
2026-09-01 12:50:44 | INFO     | alfresco_extractor:876 | [126/749] '2025000477_9701' -> ENCONTRADO
2026-09-01 12:50:44 | INFO     | alfresco_extractor:677 | Buscando ruta UAA='1112_UISALUD' | SERIE='C09_CONTRATOS' | SUB-SERIE='C09.23_CONTR_PREST_SERVI_RED_SALUD'
2026-09-01 12:51:05 | WARNING  | alfresco_extractor:543 | Fast path: sin resultados para '2025000479_9702'.
2026-09-01 12:51:05 | WARNING  | alfresco_extractor:691 | Fast path sin éxito para '2025000479_9702'; se restaura el árbol y se usa la ruta oficial.
2026-09-01 12:51:10 | INFO     | alfresco_extractor:202 | Menú 'Repositorio' clickeado. Espere a que cargue la vista del repositorio.
2026-09-01 12:51:10 | INFO     | alfresco_extractor:207 | Navegando directamente al repositorio: https://gesdoc.uis.edu.co/share/page/repository
2026-09-01 12:51:11 | INFO     | alfresco_extractor:217 | Árbol del repositorio cargado (raíz 'REPOSITORIO_UIS_0002').
2026-09-01 12:51:11 | INFO     | alfresco_extractor:723 | Traza: REPOSITORIO | REPOSITORIO_UIS_0002 | OK
2026-09-01 12:51:11 | INFO     | alfresco_extractor:609 | Repositorio 'REPOSITORIO_UIS_0002' OK. Expandiendo...
2026-09-01 12:51:33 | INFO     | alfresco_extractor:723 | Traza: UAA | 1112_UISALUD | OK
2026-09-01 12:51:33 | INFO     | alfresco_extractor:623 | UAA '1112_UISALUD' OK. Expandiendo...
2026-09-01 12:51:44 | INFO     | alfresco_extractor:723 | Traza: SERIE | 1112_C09_CONTRATOS | OK
2026-09-01 12:51:44 | INFO     | alfresco_extractor:642 | SERIE '1112_C09_CONTRATOS' OK. Expandiendo...
2026-09-01 12:51:56 | INFO     | alfresco_extractor:723 | Traza: SUB-SERIE | 1112_C09.23_CONTR_PREST_SERVI_RED_SALUD | OK
2026-09-01 12:52:02 | INFO     | alfresco_extractor:660 | Sub-serie '1112_C09.23_CONTR_PREST_SERVI_RED_SALUD' alcanzada y seleccionada. Ruta completa OK.
2026-09-01 12:52:27 | INFO     | alfresco_extractor:723 | Traza: EXPEDIENTE | 2025000479_9702 | NO
2026-09-01 12:52:27 | WARNING  | alfresco_extractor:713 | EXPEDIENTE '2025000479_9702' no encontrado dentro de la subserie '1112_C09.23_CONTR_PREST_SERVI_RED_SALUD'.
2026-09-01 12:52:27 | INFO     | alfresco_extractor:876 | [127/749] '2025000479_9702' -> SUB-SERIE OK / EXP NO
2026-09-01 12:52:27 | INFO     | alfresco_extractor:677 | Buscando ruta UAA='1112_UISALUD' | SERIE='C09_CONTRATOS' | SUB-SERIE='C09.23_CONTR_PREST_SERVI_RED_SALUD'
2026-09-01 12:52:37 | INFO     | alfresco_extractor:723 | Traza: BUSQUEDA | 2025000480_9702 | OK
2026-09-01 12:52:37 | INFO     | alfresco_extractor:689 | Fast path: expediente '2025000480_9702' localizado vía buscador global.
2026-09-01 12:52:37 | INFO     | alfresco_extractor:876 | [128/749] '2025000480_9702' -> ENCONTRADO
2026-09-01 12:52:37 | INFO     | alfresco_extractor:677 | Buscando ruta UAA='1112_UISALUD' | SERIE='C09_CONTRATOS' | SUB-SERIE='C09.23_CONTR_PREST_SERVI_RED_SALUD'
2026-09-01 12:52:44 | INFO     | alfresco_extractor:723 | Traza: BUSQUEDA | 2025000481_9702 | OK
2026-09-01 12:52:44 | INFO     | alfresco_extractor:689 | Fast path: expediente '2025000481_9702' localizado vía buscador global.
2026-09-01 12:52:44 | INFO     | alfresco_extractor:876 | [129/749] '2025000481_9702' -> ENCONTRADO
2026-09-01 12:52:44 | INFO     | alfresco_extractor:677 | Buscando ruta UAA='1112_UISALUD' | SERIE='C09_CONTRATOS' | SUB-SERIE='C09.23_CONTR_PREST_SERVI_RED_SALUD'
2026-09-01 12:52:51 | INFO     | alfresco_extractor:723 | Traza: BUSQUEDA | 2025000482_9702 | OK
2026-09-01 12:52:51 | INFO     | alfresco_extractor:689 | Fast path: expediente '2025000482_9702' localizado vía buscador global.
2026-09-01 12:52:51 | INFO     | alfresco_extractor:876 | [130/749] '2025000482_9702' -> ENCONTRADO
2026-09-01 12:52:51 | INFO     | alfresco_extractor:677 | Buscando ruta UAA='1112_UISALUD' | SERIE='C09_CONTRATOS' | SUB-SERIE='C09.23_CONTR_PREST_SERVI_RED_SALUD'
2026-09-01 12:52:58 | INFO     | alfresco_extractor:723 | Traza: BUSQUEDA | 2025000484_9701 | OK
2026-09-01 12:52:58 | INFO     | alfresco_extractor:689 | Fast path: expediente '2025000484_9701' localizado vía buscador global.
2026-09-01 12:52:58 | INFO     | alfresco_extractor:876 | [131/749] '2025000484_9701' -> ENCONTRADO
2026-09-01 12:52:58 | INFO     | alfresco_extractor:677 | Buscando ruta UAA='1112_UISALUD' | SERIE='C09_CONTRATOS' | SUB-SERIE='C09.23_CONTR_PREST_SERVI_RED_SALUD'
2026-09-01 12:53:08 | INFO     | alfresco_extractor:723 | Traza: BUSQUEDA | 2025000485_9701 | OK
2026-09-01 12:53:08 | INFO     | alfresco_extractor:689 | Fast path: expediente '2025000485_9701' localizado vía buscador global.
2026-09-01 12:53:08 | INFO     | alfresco_extractor:876 | [132/749] '2025000485_9701' -> ENCONTRADO
2026-09-01 12:53:08 | INFO     | alfresco_extractor:677 | Buscando ruta UAA='1112_UISALUD' | SERIE='C09_CONTRATOS' | SUB-SERIE='C09.23_CONTR_PREST_SERVI_RED_SALUD'
2026-09-01 12:53:17 | INFO     | alfresco_extractor:723 | Traza: BUSQUEDA | 2025000486_9701 | OK
2026-09-01 12:53:17 | INFO     | alfresco_extractor:689 | Fast path: expediente '2025000486_9701' localizado vía buscador global.
2026-09-01 12:53:17 | INFO     | alfresco_extractor:876 | [133/749] '2025000486_9701' -> ENCONTRADO
2026-09-01 12:53:17 | INFO     | alfresco_extractor:677 | Buscando ruta UAA='1112_UISALUD' | SERIE='C09_CONTRATOS' | SUB-SERIE='C09.23_CONTR_PREST_SERVI_RED_SALUD'
2026-09-01 12:53:25 | INFO     | alfresco_extractor:723 | Traza: BUSQUEDA | 2025000487_9701 | OK
2026-09-01 12:53:25 | INFO     | alfresco_extractor:689 | Fast path: expediente '2025000487_9701' localizado vía buscador global.
2026-09-01 12:53:25 | INFO     | alfresco_extractor:876 | [134/749] '2025000487_9701' -> ENCONTRADO
2026-09-01 12:53:25 | INFO     | alfresco_extractor:677 | Buscando ruta UAA='1112_UISALUD' | SERIE='C09_CONTRATOS' | SUB-SERIE='C09.23_CONTR_PREST_SERVI_RED_SALUD'
2026-09-01 12:53:32 | INFO     | alfresco_extractor:723 | Traza: BUSQUEDA | 2025000488_9702 | OK
2026-09-01 12:53:32 | INFO     | alfresco_extractor:689 | Fast path: expediente '2025000488_9702' localizado vía buscador global.
2026-09-01 12:53:32 | INFO     | alfresco_extractor:876 | [135/749] '2025000488_9702' -> ENCONTRADO
2026-09-01 12:53:32 | INFO     | alfresco_extractor:677 | Buscando ruta UAA='1112_UISALUD' | SERIE='C09_CONTRATOS' | SUB-SERIE='C09.23_CONTR_PREST_SERVI_RED_SALUD'
2026-09-01 12:53:41 | INFO     | alfresco_extractor:723 | Traza: BUSQUEDA | 2025000489_9701 | OK
2026-09-01 12:53:41 | INFO     | alfresco_extractor:689 | Fast path: expediente '2025000489_9701' localizado vía buscador global.
2026-09-01 12:53:41 | INFO     | alfresco_extractor:876 | [136/749] '2025000489_9701' -> ENCONTRADO
2026-09-01 12:53:41 | INFO     | alfresco_extractor:677 | Buscando ruta UAA='1112_UISALUD' | SERIE='C09_CONTRATOS' | SUB-SERIE='C09.23_CONTR_PREST_SERVI_RED_SALUD'
2026-09-01 12:54:03 | WARNING  | alfresco_extractor:543 | Fast path: sin resultados para '2025000490_9702'.
2026-09-01 12:54:03 | WARNING  | alfresco_extractor:691 | Fast path sin éxito para '2025000490_9702'; se restaura el árbol y se usa la ruta oficial.
2026-09-01 12:54:08 | INFO     | alfresco_extractor:202 | Menú 'Repositorio' clickeado. Espere a que cargue la vista del repositorio.
2026-09-01 12:54:08 | INFO     | alfresco_extractor:207 | Navegando directamente al repositorio: https://gesdoc.uis.edu.co/share/page/repository
2026-09-01 12:54:08 | INFO     | alfresco_extractor:217 | Árbol del repositorio cargado (raíz 'REPOSITORIO_UIS_0002').
2026-09-01 12:54:09 | INFO     | alfresco_extractor:723 | Traza: REPOSITORIO | REPOSITORIO_UIS_0002 | OK
2026-09-01 12:54:09 | INFO     | alfresco_extractor:609 | Repositorio 'REPOSITORIO_UIS_0002' OK. Expandiendo...
2026-09-01 12:54:31 | INFO     | alfresco_extractor:723 | Traza: UAA | 1112_UISALUD | OK
2026-09-01 12:54:31 | INFO     | alfresco_extractor:623 | UAA '1112_UISALUD' OK. Expandiendo...
2026-09-01 12:54:42 | INFO     | alfresco_extractor:723 | Traza: SERIE | 1112_C09_CONTRATOS | OK
2026-09-01 12:54:42 | INFO     | alfresco_extractor:642 | SERIE '1112_C09_CONTRATOS' OK. Expandiendo...
2026-09-01 12:54:54 | INFO     | alfresco_extractor:723 | Traza: SUB-SERIE | 1112_C09.23_CONTR_PREST_SERVI_RED_SALUD | OK
2026-09-01 12:54:59 | INFO     | alfresco_extractor:660 | Sub-serie '1112_C09.23_CONTR_PREST_SERVI_RED_SALUD' alcanzada y seleccionada. Ruta completa OK.
2026-09-01 12:55:24 | INFO     | alfresco_extractor:723 | Traza: EXPEDIENTE | 2025000490_9702 | NO
2026-09-01 12:55:24 | WARNING  | alfresco_extractor:713 | EXPEDIENTE '2025000490_9702' no encontrado dentro de la subserie '1112_C09.23_CONTR_PREST_SERVI_RED_SALUD'.
2026-09-01 12:55:24 | INFO     | alfresco_extractor:876 | [137/749] '2025000490_9702' -> SUB-SERIE OK / EXP NO
2026-09-01 12:55:24 | INFO     | alfresco_extractor:677 | Buscando ruta UAA='1112_UISALUD' | SERIE='C09_CONTRATOS' | SUB-SERIE='C09.23_CONTR_PREST_SERVI_RED_SALUD'
2026-09-01 12:55:46 | WARNING  | alfresco_extractor:543 | Fast path: sin resultados para '2025000492_9702'.
2026-09-01 12:55:46 | WARNING  | alfresco_extractor:691 | Fast path sin éxito para '2025000492_9702'; se restaura el árbol y se usa la ruta oficial.
2026-09-01 12:55:51 | INFO     | alfresco_extractor:202 | Menú 'Repositorio' clickeado. Espere a que cargue la vista del repositorio.
2026-09-01 12:55:51 | INFO     | alfresco_extractor:207 | Navegando directamente al repositorio: https://gesdoc.uis.edu.co/share/page/repository
2026-09-01 12:55:52 | INFO     | alfresco_extractor:217 | Árbol del repositorio cargado (raíz 'REPOSITORIO_UIS_0002').
2026-09-01 12:55:52 | INFO     | alfresco_extractor:723 | Traza: REPOSITORIO | REPOSITORIO_UIS_0002 | OK
2026-09-01 12:55:52 | INFO     | alfresco_extractor:609 | Repositorio 'REPOSITORIO_UIS_0002' OK. Expandiendo...
2026-09-01 12:56:14 | INFO     | alfresco_extractor:723 | Traza: UAA | 1112_UISALUD | OK
2026-09-01 12:56:14 | INFO     | alfresco_extractor:623 | UAA '1112_UISALUD' OK. Expandiendo...
2026-09-01 12:56:26 | INFO     | alfresco_extractor:723 | Traza: SERIE | 1112_C09_CONTRATOS | OK
2026-09-01 12:56:26 | INFO     | alfresco_extractor:642 | SERIE '1112_C09_CONTRATOS' OK. Expandiendo...
2026-09-01 12:56:37 | INFO     | alfresco_extractor:723 | Traza: SUB-SERIE | 1112_C09.23_CONTR_PREST_SERVI_RED_SALUD | OK
2026-09-01 12:56:43 | INFO     | alfresco_extractor:660 | Sub-serie '1112_C09.23_CONTR_PREST_SERVI_RED_SALUD' alcanzada y seleccionada. Ruta completa OK.
2026-09-01 12:57:08 | INFO     | alfresco_extractor:723 | Traza: EXPEDIENTE | 2025000492_9702 | NO
2026-09-01 12:57:08 | WARNING  | alfresco_extractor:713 | EXPEDIENTE '2025000492_9702' no encontrado dentro de la subserie '1112_C09.23_CONTR_PREST_SERVI_RED_SALUD'.
2026-09-01 12:57:08 | INFO     | alfresco_extractor:876 | [138/749] '2025000492_9702' -> SUB-SERIE OK / EXP NO
2026-09-01 12:57:08 | INFO     | alfresco_extractor:677 | Buscando ruta UAA='1112_UISALUD' | SERIE='C09_CONTRATOS' | SUB-SERIE='C09.23_CONTR_PREST_SERVI_RED_SALUD'
2026-09-01 12:57:29 | WARNING  | alfresco_extractor:543 | Fast path: sin resultados para '2025000495_9701'.
2026-09-01 12:57:29 | WARNING  | alfresco_extractor:691 | Fast path sin éxito para '2025000495_9701'; se restaura el árbol y se usa la ruta oficial.
2026-09-01 12:57:35 | INFO     | alfresco_extractor:202 | Menú 'Repositorio' clickeado. Espere a que cargue la vista del repositorio.
2026-09-01 12:57:35 | INFO     | alfresco_extractor:207 | Navegando directamente al repositorio: https://gesdoc.uis.edu.co/share/page/repository
2026-09-01 12:57:35 | INFO     | alfresco_extractor:217 | Árbol del repositorio cargado (raíz 'REPOSITORIO_UIS_0002').
2026-09-01 12:57:35 | INFO     | alfresco_extractor:723 | Traza: REPOSITORIO | REPOSITORIO_UIS_0002 | OK
2026-09-01 12:57:35 | INFO     | alfresco_extractor:609 | Repositorio 'REPOSITORIO_UIS_0002' OK. Expandiendo...
2026-09-01 12:58:02 | INFO     | alfresco_extractor:723 | Traza: UAA | 1112_UISALUD | OK
2026-09-01 12:58:02 | INFO     | alfresco_extractor:623 | UAA '1112_UISALUD' OK. Expandiendo...
2026-09-01 12:58:13 | INFO     | alfresco_extractor:723 | Traza: SERIE | 1112_C09_CONTRATOS | OK
2026-09-01 12:58:13 | INFO     | alfresco_extractor:642 | SERIE '1112_C09_CONTRATOS' OK. Expandiendo...
2026-09-01 12:58:25 | INFO     | alfresco_extractor:723 | Traza: SUB-SERIE | 1112_C09.23_CONTR_PREST_SERVI_RED_SALUD | OK
2026-09-01 12:58:30 | INFO     | alfresco_extractor:660 | Sub-serie '1112_C09.23_CONTR_PREST_SERVI_RED_SALUD' alcanzada y seleccionada. Ruta completa OK.
2026-09-01 12:58:56 | INFO     | alfresco_extractor:723 | Traza: EXPEDIENTE | 2025000495_9701 | NO
2026-09-01 12:58:56 | WARNING  | alfresco_extractor:713 | EXPEDIENTE '2025000495_9701' no encontrado dentro de la subserie '1112_C09.23_CONTR_PREST_SERVI_RED_SALUD'.
2026-09-01 12:58:56 | INFO     | alfresco_extractor:876 | [139/749] '2025000495_9701' -> SUB-SERIE OK / EXP NO
2026-09-01 12:58:56 | INFO     | alfresco_extractor:677 | Buscando ruta UAA='1112_UISALUD' | SERIE='C09_CONTRATOS' | SUB-SERIE='C09.23_CONTR_PREST_SERVI_RED_SALUD'
2026-09-01 12:59:17 | WARNING  | alfresco_extractor:543 | Fast path: sin resultados para '2025000496_9702'.
2026-09-01 12:59:17 | WARNING  | alfresco_extractor:691 | Fast path sin éxito para '2025000496_9702'; se restaura el árbol y se usa la ruta oficial.
2026-09-01 12:59:22 | INFO     | alfresco_extractor:202 | Menú 'Repositorio' clickeado. Espere a que cargue la vista del repositorio.
2026-09-01 12:59:22 | INFO     | alfresco_extractor:207 | Navegando directamente al repositorio: https://gesdoc.uis.edu.co/share/page/repository
2026-09-01 12:59:24 | INFO     | alfresco_extractor:217 | Árbol del repositorio cargado (raíz 'REPOSITORIO_UIS_0002').
2026-09-01 12:59:24 | INFO     | alfresco_extractor:723 | Traza: REPOSITORIO | REPOSITORIO_UIS_0002 | OK
2026-09-01 12:59:24 | INFO     | alfresco_extractor:609 | Repositorio 'REPOSITORIO_UIS_0002' OK. Expandiendo...
2026-09-01 12:59:46 | INFO     | alfresco_extractor:723 | Traza: UAA | 1112_UISALUD | OK
2026-09-01 12:59:46 | INFO     | alfresco_extractor:623 | UAA '1112_UISALUD' OK. Expandiendo...
2026-09-01 12:59:57 | INFO     | alfresco_extractor:723 | Traza: SERIE | 1112_C09_CONTRATOS | OK
2026-09-01 12:59:57 | INFO     | alfresco_extractor:642 | SERIE '1112_C09_CONTRATOS' OK. Expandiendo...
2026-09-01 13:00:09 | INFO     | alfresco_extractor:723 | Traza: SUB-SERIE | 1112_C09.23_CONTR_PREST_SERVI_RED_SALUD | OK
2026-09-01 13:00:14 | INFO     | alfresco_extractor:660 | Sub-serie '1112_C09.23_CONTR_PREST_SERVI_RED_SALUD' alcanzada y seleccionada. Ruta completa OK.
2026-09-01 13:00:39 | INFO     | alfresco_extractor:723 | Traza: EXPEDIENTE | 2025000496_9702 | NO
2026-09-01 13:00:39 | WARNING  | alfresco_extractor:713 | EXPEDIENTE '2025000496_9702' no encontrado dentro de la subserie '1112_C09.23_CONTR_PREST_SERVI_RED_SALUD'.
2026-09-01 13:00:39 | INFO     | alfresco_extractor:876 | [140/749] '2025000496_9702' -> SUB-SERIE OK / EXP NO
2026-09-01 13:00:39 | INFO     | alfresco_extractor:677 | Buscando ruta UAA='1112_UISALUD' | SERIE='C09_CONTRATOS' | SUB-SERIE='C09.23_CONTR_PREST_SERVI_RED_SALUD'
2026-09-01 13:00:48 | INFO     | alfresco_extractor:723 | Traza: BUSQUEDA | 2025000500_9701 | OK
2026-09-01 13:00:48 | INFO     | alfresco_extractor:689 | Fast path: expediente '2025000500_9701' localizado vía buscador global.
2026-09-01 13:00:48 | INFO     | alfresco_extractor:876 | [141/749] '2025000500_9701' -> ENCONTRADO
2026-09-01 13:00:48 | INFO     | alfresco_extractor:677 | Buscando ruta UAA='1112_UISALUD' | SERIE='C09_CONTRATOS' | SUB-SERIE='C09.23_CONTR_PREST_SERVI_RED_SALUD'
2026-09-01 13:00:57 | INFO     | alfresco_extractor:723 | Traza: BUSQUEDA | 2025000501_9701 | OK
2026-09-01 13:00:57 | INFO     | alfresco_extractor:689 | Fast path: expediente '2025000501_9701' localizado vía buscador global.
2026-09-01 13:00:57 | INFO     | alfresco_extractor:876 | [142/749] '2025000501_9701' -> ENCONTRADO
2026-09-01 13:00:57 | INFO     | alfresco_extractor:677 | Buscando ruta UAA='1112_UISALUD' | SERIE='C09_CONTRATOS' | SUB-SERIE='C09.23_CONTR_PREST_SERVI_RED_SALUD'
2026-09-01 13:01:06 | INFO     | alfresco_extractor:723 | Traza: BUSQUEDA | 2025000502_9701 | OK
2026-09-01 13:01:06 | INFO     | alfresco_extractor:689 | Fast path: expediente '2025000502_9701' localizado vía buscador global.
2026-09-01 13:01:06 | INFO     | alfresco_extractor:876 | [143/749] '2025000502_9701' -> ENCONTRADO
2026-09-01 13:01:06 | INFO     | alfresco_extractor:677 | Buscando ruta UAA='1112_UISALUD' | SERIE='C09_CONTRATOS' | SUB-SERIE='C09.23_CONTR_PREST_SERVI_RED_SALUD'
2026-09-01 13:01:15 | INFO     | alfresco_extractor:723 | Traza: BUSQUEDA | 2025000503_9702 | OK
2026-09-01 13:01:15 | INFO     | alfresco_extractor:689 | Fast path: expediente '2025000503_9702' localizado vía buscador global.
2026-09-01 13:01:15 | INFO     | alfresco_extractor:876 | [144/749] '2025000503_9702' -> ENCONTRADO
2026-09-01 13:01:15 | INFO     | alfresco_extractor:677 | Buscando ruta UAA='1112_UISALUD' | SERIE='C09_CONTRATOS' | SUB-SERIE='C09.23_CONTR_PREST_SERVI_RED_SALUD'
2026-09-01 13:01:36 | WARNING  | alfresco_extractor:543 | Fast path: sin resultados para '2025000504_9701'.
2026-09-01 13:01:36 | WARNING  | alfresco_extractor:691 | Fast path sin éxito para '2025000504_9701'; se restaura el árbol y se usa la ruta oficial.
2026-09-01 13:01:41 | INFO     | alfresco_extractor:202 | Menú 'Repositorio' clickeado. Espere a que cargue la vista del repositorio.
2026-09-01 13:01:41 | INFO     | alfresco_extractor:207 | Navegando directamente al repositorio: https://gesdoc.uis.edu.co/share/page/repository
2026-09-01 13:01:42 | INFO     | alfresco_extractor:217 | Árbol del repositorio cargado (raíz 'REPOSITORIO_UIS_0002').
2026-09-01 13:01:42 | INFO     | alfresco_extractor:723 | Traza: REPOSITORIO | REPOSITORIO_UIS_0002 | OK
2026-09-01 13:01:42 | INFO     | alfresco_extractor:609 | Repositorio 'REPOSITORIO_UIS_0002' OK. Expandiendo...
2026-09-01 13:02:05 | INFO     | alfresco_extractor:723 | Traza: UAA | 1112_UISALUD | OK
2026-09-01 13:02:05 | INFO     | alfresco_extractor:623 | UAA '1112_UISALUD' OK. Expandiendo...
2026-09-01 13:02:16 | INFO     | alfresco_extractor:723 | Traza: SERIE | 1112_C09_CONTRATOS | OK
2026-09-01 13:02:16 | INFO     | alfresco_extractor:642 | SERIE '1112_C09_CONTRATOS' OK. Expandiendo...
2026-09-01 13:02:28 | INFO     | alfresco_extractor:723 | Traza: SUB-SERIE | 1112_C09.23_CONTR_PREST_SERVI_RED_SALUD | OK
2026-09-01 13:02:33 | INFO     | alfresco_extractor:660 | Sub-serie '1112_C09.23_CONTR_PREST_SERVI_RED_SALUD' alcanzada y seleccionada. Ruta completa OK.
2026-09-01 13:02:58 | INFO     | alfresco_extractor:723 | Traza: EXPEDIENTE | 2025000504_9701 | NO
2026-09-01 13:02:58 | WARNING  | alfresco_extractor:713 | EXPEDIENTE '2025000504_9701' no encontrado dentro de la subserie '1112_C09.23_CONTR_PREST_SERVI_RED_SALUD'.
2026-09-01 13:02:58 | INFO     | alfresco_extractor:876 | [145/749] '2025000504_9701' -> SUB-SERIE OK / EXP NO
2026-09-01 13:02:58 | INFO     | alfresco_extractor:677 | Buscando ruta UAA='1112_UISALUD' | SERIE='C09_CONTRATOS' | SUB-SERIE='C09.23_CONTR_PREST_SERVI_RED_SALUD'
2026-09-01 13:03:09 | INFO     | alfresco_extractor:723 | Traza: BUSQUEDA | 2025000505_9702 | OK
2026-09-01 13:03:09 | INFO     | alfresco_extractor:689 | Fast path: expediente '2025000505_9702' localizado vía buscador global.
2026-09-01 13:03:09 | INFO     | alfresco_extractor:876 | [146/749] '2025000505_9702' -> ENCONTRADO
2026-09-01 13:03:09 | INFO     | alfresco_extractor:677 | Buscando ruta UAA='1112_UISALUD' | SERIE='C09_CONTRATOS' | SUB-SERIE='C09.23_CONTR_PREST_SERVI_RED_SALUD'
2026-09-01 13:03:18 | INFO     | alfresco_extractor:723 | Traza: BUSQUEDA | 2025000509_9701 | OK
2026-09-01 13:03:18 | INFO     | alfresco_extractor:689 | Fast path: expediente '2025000509_9701' localizado vía buscador global.
2026-09-01 13:03:18 | INFO     | alfresco_extractor:876 | [147/749] '2025000509_9701' -> ENCONTRADO
2026-09-01 13:03:18 | INFO     | alfresco_extractor:677 | Buscando ruta UAA='1112_UISALUD' | SERIE='C09_CONTRATOS' | SUB-SERIE='C09.23_CONTR_PREST_SERVI_RED_SALUD'
2026-09-01 13:03:27 | INFO     | alfresco_extractor:723 | Traza: BUSQUEDA | 2025000510_9702 | OK
2026-09-01 13:03:27 | INFO     | alfresco_extractor:689 | Fast path: expediente '2025000510_9702' localizado vía buscador global.
2026-09-01 13:03:27 | INFO     | alfresco_extractor:876 | [148/749] '2025000510_9702' -> ENCONTRADO
2026-09-01 13:03:27 | INFO     | alfresco_extractor:677 | Buscando ruta UAA='1112_UISALUD' | SERIE='C09_CONTRATOS' | SUB-SERIE='C09.23_CONTR_PREST_SERVI_RED_SALUD'
2026-09-01 13:03:35 | INFO     | alfresco_extractor:723 | Traza: BUSQUEDA | 2025000511_9701 | OK
2026-09-01 13:03:35 | INFO     | alfresco_extractor:689 | Fast path: expediente '2025000511_9701' localizado vía buscador global.
2026-09-01 13:03:35 | INFO     | alfresco_extractor:876 | [149/749] '2025000511_9701' -> ENCONTRADO
2026-09-01 13:03:35 | INFO     | alfresco_extractor:677 | Buscando ruta UAA='1112_UISALUD' | SERIE='C09_CONTRATOS' | SUB-SERIE='C09.23_CONTR_PREST_SERVI_RED_SALUD'
2026-09-01 13:03:43 | INFO     | alfresco_extractor:723 | Traza: BUSQUEDA | 2025000512_9701 | OK
2026-09-01 13:03:43 | INFO     | alfresco_extractor:689 | Fast path: expediente '2025000512_9701' localizado vía buscador global.
2026-09-01 13:03:43 | INFO     | alfresco_extractor:876 | [150/749] '2025000512_9701' -> ENCONTRADO
2026-09-01 13:03:43 | INFO     | alfresco_extractor:677 | Buscando ruta UAA='1112_UISALUD' | SERIE='C09_CONTRATOS' | SUB-SERIE='C09.23_CONTR_PREST_SERVI_RED_SALUD'
2026-09-01 13:03:52 | INFO     | alfresco_extractor:723 | Traza: BUSQUEDA | 2025000514_9702 | OK
2026-09-01 13:03:52 | INFO     | alfresco_extractor:689 | Fast path: expediente '2025000514_9702' localizado vía buscador global.
2026-09-01 13:03:52 | INFO     | alfresco_extractor:876 | [151/749] '2025000514_9702' -> ENCONTRADO
2026-09-01 13:03:52 | INFO     | alfresco_extractor:677 | Buscando ruta UAA='1112_UISALUD' | SERIE='C09_CONTRATOS' | SUB-SERIE='C09.23_CONTR_PREST_SERVI_RED_SALUD'
2026-09-01 13:04:13 | WARNING  | alfresco_extractor:543 | Fast path: sin resultados para '2025000516_9701'.
2026-09-01 13:04:13 | WARNING  | alfresco_extractor:691 | Fast path sin éxito para '2025000516_9701'; se restaura el árbol y se usa la ruta oficial.
2026-09-01 13:04:18 | INFO     | alfresco_extractor:202 | Menú 'Repositorio' clickeado. Espere a que cargue la vista del repositorio.
2026-09-01 13:04:18 | INFO     | alfresco_extractor:207 | Navegando directamente al repositorio: https://gesdoc.uis.edu.co/share/page/repository
2026-09-01 13:04:19 | INFO     | alfresco_extractor:217 | Árbol del repositorio cargado (raíz 'REPOSITORIO_UIS_0002').
2026-09-01 13:04:19 | INFO     | alfresco_extractor:723 | Traza: REPOSITORIO | REPOSITORIO_UIS_0002 | OK
2026-09-01 13:04:19 | INFO     | alfresco_extractor:609 | Repositorio 'REPOSITORIO_UIS_0002' OK. Expandiendo...
2026-09-01 13:04:41 | INFO     | alfresco_extractor:723 | Traza: UAA | 1112_UISALUD | OK
2026-09-01 13:04:41 | INFO     | alfresco_extractor:623 | UAA '1112_UISALUD' OK. Expandiendo...
2026-09-01 13:04:53 | INFO     | alfresco_extractor:723 | Traza: SERIE | 1112_C09_CONTRATOS | OK
2026-09-01 13:04:53 | INFO     | alfresco_extractor:642 | SERIE '1112_C09_CONTRATOS' OK. Expandiendo...
2026-09-01 13:05:04 | INFO     | alfresco_extractor:723 | Traza: SUB-SERIE | 1112_C09.23_CONTR_PREST_SERVI_RED_SALUD | OK
2026-09-01 13:05:10 | INFO     | alfresco_extractor:660 | Sub-serie '1112_C09.23_CONTR_PREST_SERVI_RED_SALUD' alcanzada y seleccionada. Ruta completa OK.
2026-09-01 13:05:35 | INFO     | alfresco_extractor:723 | Traza: EXPEDIENTE | 2025000516_9701 | NO
2026-09-01 13:05:35 | WARNING  | alfresco_extractor:713 | EXPEDIENTE '2025000516_9701' no encontrado dentro de la subserie '1112_C09.23_CONTR_PREST_SERVI_RED_SALUD'.
2026-09-01 13:05:35 | INFO     | alfresco_extractor:876 | [152/749] '2025000516_9701' -> SUB-SERIE OK / EXP NO
2026-09-01 13:05:35 | INFO     | alfresco_extractor:677 | Buscando ruta UAA='1112_UISALUD' | SERIE='C09_CONTRATOS' | SUB-SERIE='C09.23_CONTR_PREST_SERVI_RED_SALUD'
2026-09-01 13:05:56 | WARNING  | alfresco_extractor:543 | Fast path: sin resultados para '2025000520_9701'.
2026-09-01 13:05:56 | WARNING  | alfresco_extractor:691 | Fast path sin éxito para '2025000520_9701'; se restaura el árbol y se usa la ruta oficial.
2026-09-01 13:06:01 | INFO     | alfresco_extractor:202 | Menú 'Repositorio' clickeado. Espere a que cargue la vista del repositorio.
2026-09-01 13:06:01 | INFO     | alfresco_extractor:207 | Navegando directamente al repositorio: https://gesdoc.uis.edu.co/share/page/repository
2026-09-01 13:06:02 | INFO     | alfresco_extractor:217 | Árbol del repositorio cargado (raíz 'REPOSITORIO_UIS_0002').
2026-09-01 13:06:02 | INFO     | alfresco_extractor:723 | Traza: REPOSITORIO | REPOSITORIO_UIS_0002 | OK
2026-09-01 13:06:02 | INFO     | alfresco_extractor:609 | Repositorio 'REPOSITORIO_UIS_0002' OK. Expandiendo...
2026-09-01 13:06:26 | INFO     | alfresco_extractor:723 | Traza: UAA | 1112_UISALUD | OK
2026-09-01 13:06:26 | INFO     | alfresco_extractor:623 | UAA '1112_UISALUD' OK. Expandiendo...
2026-09-01 13:06:38 | INFO     | alfresco_extractor:723 | Traza: SERIE | 1112_C09_CONTRATOS | OK
2026-09-01 13:06:38 | INFO     | alfresco_extractor:642 | SERIE '1112_C09_CONTRATOS' OK. Expandiendo...
2026-09-01 13:06:52 | INFO     | alfresco_extractor:723 | Traza: SUB-SERIE | 1112_C09.23_CONTR_PREST_SERVI_RED_SALUD | OK
2026-09-01 13:06:57 | INFO     | alfresco_extractor:660 | Sub-serie '1112_C09.23_CONTR_PREST_SERVI_RED_SALUD' alcanzada y seleccionada. Ruta completa OK.
2026-09-01 13:07:23 | INFO     | alfresco_extractor:723 | Traza: EXPEDIENTE | 2025000520_9701 | NO
2026-09-01 13:07:23 | WARNING  | alfresco_extractor:713 | EXPEDIENTE '2025000520_9701' no encontrado dentro de la subserie '1112_C09.23_CONTR_PREST_SERVI_RED_SALUD'.
2026-09-01 13:07:23 | INFO     | alfresco_extractor:876 | [153/749] '2025000520_9701' -> SUB-SERIE OK / EXP NO
2026-09-01 13:07:23 | INFO     | alfresco_extractor:677 | Buscando ruta UAA='1112_UISALUD' | SERIE='C09_CONTRATOS' | SUB-SERIE='C09.23_CONTR_PREST_SERVI_RED_SALUD'
2026-09-01 13:07:37 | INFO     | alfresco_extractor:723 | Traza: BUSQUEDA | 2025000522_9701 | OK
2026-09-01 13:07:37 | INFO     | alfresco_extractor:689 | Fast path: expediente '2025000522_9701' localizado vía buscador global.
2026-09-01 13:07:37 | INFO     | alfresco_extractor:876 | [154/749] '2025000522_9701' -> ENCONTRADO
2026-09-01 13:07:37 | INFO     | alfresco_extractor:677 | Buscando ruta UAA='1112_UISALUD' | SERIE='C09_CONTRATOS' | SUB-SERIE='C09.23_CONTR_PREST_SERVI_RED_SALUD'
2026-09-01 13:07:45 | INFO     | alfresco_extractor:723 | Traza: BUSQUEDA | 2025000525_9701 | OK
2026-09-01 13:07:45 | INFO     | alfresco_extractor:689 | Fast path: expediente '2025000525_9701' localizado vía buscador global.
2026-09-01 13:07:45 | INFO     | alfresco_extractor:876 | [155/749] '2025000525_9701' -> ENCONTRADO
2026-09-01 13:07:45 | INFO     | alfresco_extractor:677 | Buscando ruta UAA='1112_UISALUD' | SERIE='C09_CONTRATOS' | SUB-SERIE='C09.23_CONTR_PREST_SERVI_RED_SALUD'
2026-09-01 13:07:58 | INFO     | alfresco_extractor:723 | Traza: BUSQUEDA | 2025000527_9701 | OK
2026-09-01 13:07:58 | INFO     | alfresco_extractor:689 | Fast path: expediente '2025000527_9701' localizado vía buscador global.
2026-09-01 13:07:58 | INFO     | alfresco_extractor:876 | [156/749] '2025000527_9701' -> ENCONTRADO
2026-09-01 13:07:58 | INFO     | alfresco_extractor:677 | Buscando ruta UAA='1112_UISALUD' | SERIE='C09_CONTRATOS' | SUB-SERIE='C09.23_CONTR_PREST_SERVI_RED_SALUD'
2026-09-01 13:08:06 | INFO     | alfresco_extractor:723 | Traza: BUSQUEDA | 2025000528_9702 | OK
2026-09-01 13:08:06 | INFO     | alfresco_extractor:689 | Fast path: expediente '2025000528_9702' localizado vía buscador global.
2026-09-01 13:08:06 | INFO     | alfresco_extractor:876 | [157/749] '2025000528_9702' -> ENCONTRADO
2026-09-01 13:08:06 | INFO     | alfresco_extractor:677 | Buscando ruta UAA='1112_UISALUD' | SERIE='C09_CONTRATOS' | SUB-SERIE='C09.23_CONTR_PREST_SERVI_RED_SALUD'
2026-09-01 13:08:15 | INFO     | alfresco_extractor:723 | Traza: BUSQUEDA | 2025000531_9701 | OK
2026-09-01 13:08:15 | INFO     | alfresco_extractor:689 | Fast path: expediente '2025000531_9701' localizado vía buscador global.
2026-09-01 13:08:15 | INFO     | alfresco_extractor:876 | [158/749] '2025000531_9701' -> ENCONTRADO
2026-09-01 13:08:15 | INFO     | alfresco_extractor:677 | Buscando ruta UAA='1112_UISALUD' | SERIE='C09_CONTRATOS' | SUB-SERIE='C09.23_CONTR_PREST_SERVI_RED_SALUD'
2026-09-01 13:08:36 | WARNING  | alfresco_extractor:543 | Fast path: sin resultados para '2025000532_9701'.
2026-09-01 13:08:36 | WARNING  | alfresco_extractor:691 | Fast path sin éxito para '2025000532_9701'; se restaura el árbol y se usa la ruta oficial.
2026-09-01 13:08:41 | INFO     | alfresco_extractor:202 | Menú 'Repositorio' clickeado. Espere a que cargue la vista del repositorio.
2026-09-01 13:08:41 | INFO     | alfresco_extractor:207 | Navegando directamente al repositorio: https://gesdoc.uis.edu.co/share/page/repository
2026-09-01 13:08:43 | INFO     | alfresco_extractor:217 | Árbol del repositorio cargado (raíz 'REPOSITORIO_UIS_0002').
2026-09-01 13:08:43 | INFO     | alfresco_extractor:723 | Traza: REPOSITORIO | REPOSITORIO_UIS_0002 | OK
2026-09-01 13:08:43 | INFO     | alfresco_extractor:609 | Repositorio 'REPOSITORIO_UIS_0002' OK. Expandiendo...
2026-09-01 13:09:05 | INFO     | alfresco_extractor:723 | Traza: UAA | 1112_UISALUD | OK
2026-09-01 13:09:05 | INFO     | alfresco_extractor:623 | UAA '1112_UISALUD' OK. Expandiendo...
2026-09-01 13:09:16 | INFO     | alfresco_extractor:723 | Traza: SERIE | 1112_C09_CONTRATOS | OK
2026-09-01 13:09:16 | INFO     | alfresco_extractor:642 | SERIE '1112_C09_CONTRATOS' OK. Expandiendo...
2026-09-01 13:09:28 | INFO     | alfresco_extractor:723 | Traza: SUB-SERIE | 1112_C09.23_CONTR_PREST_SERVI_RED_SALUD | OK
2026-09-01 13:09:33 | INFO     | alfresco_extractor:660 | Sub-serie '1112_C09.23_CONTR_PREST_SERVI_RED_SALUD' alcanzada y seleccionada. Ruta completa OK.
2026-09-01 13:09:58 | INFO     | alfresco_extractor:723 | Traza: EXPEDIENTE | 2025000532_9701 | NO
2026-09-01 13:09:58 | WARNING  | alfresco_extractor:713 | EXPEDIENTE '2025000532_9701' no encontrado dentro de la subserie '1112_C09.23_CONTR_PREST_SERVI_RED_SALUD'.
2026-09-01 13:09:58 | INFO     | alfresco_extractor:876 | [159/749] '2025000532_9701' -> SUB-SERIE OK / EXP NO
2026-09-01 13:09:58 | INFO     | alfresco_extractor:677 | Buscando ruta UAA='1112_UISALUD' | SERIE='C09_CONTRATOS' | SUB-SERIE='C09.23_CONTR_PREST_SERVI_RED_SALUD'
2026-09-01 13:10:17 | INFO     | alfresco_extractor:723 | Traza: BUSQUEDA | 2025000537_9701 | OK
2026-09-01 13:10:17 | INFO     | alfresco_extractor:689 | Fast path: expediente '2025000537_9701' localizado vía buscador global.
2026-09-01 13:10:17 | INFO     | alfresco_extractor:876 | [160/749] '2025000537_9701' -> ENCONTRADO
2026-09-01 13:10:17 | INFO     | alfresco_extractor:677 | Buscando ruta UAA='1112_UISALUD' | SERIE='C09_CONTRATOS' | SUB-SERIE='C09.23_CONTR_PREST_SERVI_RED_SALUD'
2026-09-01 13:10:24 | INFO     | alfresco_extractor:723 | Traza: BUSQUEDA | 2025000538_9701_9703 | OK
2026-09-01 13:10:24 | INFO     | alfresco_extractor:689 | Fast path: expediente '2025000538_9701_9703' localizado vía buscador global.
2026-09-01 13:10:24 | INFO     | alfresco_extractor:876 | [161/749] '2025000538_9701_9703' -> ENCONTRADO
2026-09-01 13:10:24 | INFO     | alfresco_extractor:677 | Buscando ruta UAA='1112_UISALUD' | SERIE='C09_CONTRATOS' | SUB-SERIE='C09.23_CONTR_PREST_SERVI_RED_SALUD'
2026-09-01 13:10:34 | INFO     | alfresco_extractor:723 | Traza: BUSQUEDA | 2025000539_9701 | OK
2026-09-01 13:10:34 | INFO     | alfresco_extractor:689 | Fast path: expediente '2025000539_9701' localizado vía buscador global.
2026-09-01 13:10:34 | INFO     | alfresco_extractor:876 | [162/749] '2025000539_9701' -> ENCONTRADO
2026-09-01 13:10:34 | INFO     | alfresco_extractor:677 | Buscando ruta UAA='1112_UISALUD' | SERIE='C09_CONTRATOS' | SUB-SERIE='C09.23_CONTR_PREST_SERVI_RED_SALUD'
2026-09-01 13:10:55 | WARNING  | alfresco_extractor:543 | Fast path: sin resultados para '2025000540_9701_9703'.
2026-09-01 13:10:55 | WARNING  | alfresco_extractor:691 | Fast path sin éxito para '2025000540_9701_9703'; se restaura el árbol y se usa la ruta oficial.
2026-09-01 13:11:01 | INFO     | alfresco_extractor:202 | Menú 'Repositorio' clickeado. Espere a que cargue la vista del repositorio.
2026-09-01 13:11:01 | INFO     | alfresco_extractor:207 | Navegando directamente al repositorio: https://gesdoc.uis.edu.co/share/page/repository
2026-09-01 13:11:02 | INFO     | alfresco_extractor:217 | Árbol del repositorio cargado (raíz 'REPOSITORIO_UIS_0002').
2026-09-01 13:11:02 | INFO     | alfresco_extractor:723 | Traza: REPOSITORIO | REPOSITORIO_UIS_0002 | OK
2026-09-01 13:11:02 | INFO     | alfresco_extractor:609 | Repositorio 'REPOSITORIO_UIS_0002' OK. Expandiendo...
2026-09-01 13:11:24 | INFO     | alfresco_extractor:723 | Traza: UAA | 1112_UISALUD | OK
2026-09-01 13:11:24 | INFO     | alfresco_extractor:623 | UAA '1112_UISALUD' OK. Expandiendo...
2026-09-01 13:11:35 | INFO     | alfresco_extractor:723 | Traza: SERIE | 1112_C09_CONTRATOS | OK
2026-09-01 13:11:35 | INFO     | alfresco_extractor:642 | SERIE '1112_C09_CONTRATOS' OK. Expandiendo...
2026-09-01 13:11:47 | INFO     | alfresco_extractor:723 | Traza: SUB-SERIE | 1112_C09.23_CONTR_PREST_SERVI_RED_SALUD | OK
2026-09-01 13:11:52 | INFO     | alfresco_extractor:660 | Sub-serie '1112_C09.23_CONTR_PREST_SERVI_RED_SALUD' alcanzada y seleccionada. Ruta completa OK.
2026-09-01 13:12:17 | INFO     | alfresco_extractor:723 | Traza: EXPEDIENTE | 2025000540_9701_9703 | NO
2026-09-01 13:12:17 | WARNING  | alfresco_extractor:713 | EXPEDIENTE '2025000540_9701_9703' no encontrado dentro de la subserie '1112_C09.23_CONTR_PREST_SERVI_RED_SALUD'.
2026-09-01 13:12:17 | INFO     | alfresco_extractor:876 | [163/749] '2025000540_9701_9703' -> SUB-SERIE OK / EXP NO
2026-09-01 13:12:17 | INFO     | alfresco_extractor:677 | Buscando ruta UAA='1112_UISALUD' | SERIE='C09_CONTRATOS' | SUB-SERIE='C09.23_CONTR_PREST_SERVI_RED_SALUD'
2026-09-01 13:12:39 | WARNING  | alfresco_extractor:543 | Fast path: sin resultados para '2025000541_9701_9703'.
2026-09-01 13:12:39 | WARNING  | alfresco_extractor:691 | Fast path sin éxito para '2025000541_9701_9703'; se restaura el árbol y se usa la ruta oficial.
2026-09-01 13:12:44 | INFO     | alfresco_extractor:202 | Menú 'Repositorio' clickeado. Espere a que cargue la vista del repositorio.
2026-09-01 13:12:44 | INFO     | alfresco_extractor:207 | Navegando directamente al repositorio: https://gesdoc.uis.edu.co/share/page/repository
2026-09-01 13:12:45 | INFO     | alfresco_extractor:217 | Árbol del repositorio cargado (raíz 'REPOSITORIO_UIS_0002').
2026-09-01 13:12:45 | INFO     | alfresco_extractor:723 | Traza: REPOSITORIO | REPOSITORIO_UIS_0002 | OK
2026-09-01 13:12:45 | INFO     | alfresco_extractor:609 | Repositorio 'REPOSITORIO_UIS_0002' OK. Expandiendo...
2026-09-01 13:13:07 | INFO     | alfresco_extractor:723 | Traza: UAA | 1112_UISALUD | OK
2026-09-01 13:13:07 | INFO     | alfresco_extractor:623 | UAA '1112_UISALUD' OK. Expandiendo...
2026-09-01 13:13:18 | INFO     | alfresco_extractor:723 | Traza: SERIE | 1112_C09_CONTRATOS | OK
2026-09-01 13:13:18 | INFO     | alfresco_extractor:642 | SERIE '1112_C09_CONTRATOS' OK. Expandiendo...
2026-09-01 13:13:30 | INFO     | alfresco_extractor:723 | Traza: SUB-SERIE | 1112_C09.23_CONTR_PREST_SERVI_RED_SALUD | OK
2026-09-01 13:13:36 | INFO     | alfresco_extractor:660 | Sub-serie '1112_C09.23_CONTR_PREST_SERVI_RED_SALUD' alcanzada y seleccionada. Ruta completa OK.
2026-09-01 13:14:01 | INFO     | alfresco_extractor:723 | Traza: EXPEDIENTE | 2025000541_9701_9703 | NO
2026-09-01 13:14:01 | WARNING  | alfresco_extractor:713 | EXPEDIENTE '2025000541_9701_9703' no encontrado dentro de la subserie '1112_C09.23_CONTR_PREST_SERVI_RED_SALUD'.
2026-09-01 13:14:01 | INFO     | alfresco_extractor:876 | [164/749] '2025000541_9701_9703' -> SUB-SERIE OK / EXP NO
2026-09-01 13:14:01 | INFO     | alfresco_extractor:677 | Buscando ruta UAA='1112_UISALUD' | SERIE='C09_CONTRATOS' | SUB-SERIE='C09.23_CONTR_PREST_SERVI_RED_SALUD'
2026-09-01 13:14:12 | INFO     | alfresco_extractor:723 | Traza: BUSQUEDA | 2025000542_9701 | OK
2026-09-01 13:14:12 | INFO     | alfresco_extractor:689 | Fast path: expediente '2025000542_9701' localizado vía buscador global.
2026-09-01 13:14:12 | INFO     | alfresco_extractor:876 | [165/749] '2025000542_9701' -> ENCONTRADO
2026-09-01 13:14:12 | INFO     | alfresco_extractor:677 | Buscando ruta UAA='1112_UISALUD' | SERIE='C09_CONTRATOS' | SUB-SERIE='C09.23_CONTR_PREST_SERVI_RED_SALUD'
2026-09-01 13:14:19 | INFO     | alfresco_extractor:723 | Traza: BUSQUEDA | 2025000544_9701 | OK
2026-09-01 13:14:19 | INFO     | alfresco_extractor:689 | Fast path: expediente '2025000544_9701' localizado vía buscador global.
2026-09-01 13:14:19 | INFO     | alfresco_extractor:876 | [166/749] '2025000544_9701' -> ENCONTRADO
2026-09-01 13:14:19 | INFO     | alfresco_extractor:677 | Buscando ruta UAA='1112_UISALUD' | SERIE='C09_CONTRATOS' | SUB-SERIE='C09.23_CONTR_PREST_SERVI_RED_SALUD'
2026-09-01 13:14:26 | INFO     | alfresco_extractor:723 | Traza: BUSQUEDA | 2025000546_9701_9703 | OK
2026-09-01 13:14:26 | INFO     | alfresco_extractor:689 | Fast path: expediente '2025000546_9701_9703' localizado vía buscador global.
2026-09-01 13:14:26 | INFO     | alfresco_extractor:876 | [167/749] '2025000546_9701_9703' -> ENCONTRADO
2026-09-01 13:14:26 | INFO     | alfresco_extractor:677 | Buscando ruta UAA='1112_UISALUD' | SERIE='C09_CONTRATOS' | SUB-SERIE='C09.23_CONTR_PREST_SERVI_RED_SALUD'
2026-09-01 13:14:33 | INFO     | alfresco_extractor:723 | Traza: BUSQUEDA | 2025000547_9701 | OK
2026-09-01 13:14:33 | INFO     | alfresco_extractor:689 | Fast path: expediente '2025000547_9701' localizado vía buscador global.
2026-09-01 13:14:33 | INFO     | alfresco_extractor:876 | [168/749] '2025000547_9701' -> ENCONTRADO
2026-09-01 13:14:33 | INFO     | alfresco_extractor:677 | Buscando ruta UAA='1112_UISALUD' | SERIE='C09_CONTRATOS' | SUB-SERIE='C09.23_CONTR_PREST_SERVI_RED_SALUD'
2026-09-01 13:14:41 | INFO     | alfresco_extractor:723 | Traza: BUSQUEDA | 2025000549_9701 | OK
2026-09-01 13:14:41 | INFO     | alfresco_extractor:689 | Fast path: expediente '2025000549_9701' localizado vía buscador global.
2026-09-01 13:14:41 | INFO     | alfresco_extractor:876 | [169/749] '2025000549_9701' -> ENCONTRADO
2026-09-01 13:14:41 | INFO     | alfresco_extractor:677 | Buscando ruta UAA='1112_UISALUD' | SERIE='C09_CONTRATOS' | SUB-SERIE='C09.23_CONTR_PREST_SERVI_RED_SALUD'
2026-09-01 13:14:52 | INFO     | alfresco_extractor:723 | Traza: BUSQUEDA | 2025000552_9702 | OK
2026-09-01 13:14:52 | INFO     | alfresco_extractor:689 | Fast path: expediente '2025000552_9702' localizado vía buscador global.
2026-09-01 13:14:52 | INFO     | alfresco_extractor:876 | [170/749] '2025000552_9702' -> ENCONTRADO
2026-09-01 13:14:52 | INFO     | alfresco_extractor:677 | Buscando ruta UAA='1112_UISALUD' | SERIE='C09_CONTRATOS' | SUB-SERIE='C09.23_CONTR_PREST_SERVI_RED_SALUD'
2026-09-01 13:15:13 | WARNING  | alfresco_extractor:543 | Fast path: sin resultados para '2025000555_9701'.
2026-09-01 13:15:13 | WARNING  | alfresco_extractor:691 | Fast path sin éxito para '2025000555_9701'; se restaura el árbol y se usa la ruta oficial.
2026-09-01 13:15:18 | INFO     | alfresco_extractor:202 | Menú 'Repositorio' clickeado. Espere a que cargue la vista del repositorio.
2026-09-01 13:15:18 | INFO     | alfresco_extractor:207 | Navegando directamente al repositorio: https://gesdoc.uis.edu.co/share/page/repository
2026-09-01 13:15:20 | INFO     | alfresco_extractor:217 | Árbol del repositorio cargado (raíz 'REPOSITORIO_UIS_0002').
2026-09-01 13:15:20 | INFO     | alfresco_extractor:723 | Traza: REPOSITORIO | REPOSITORIO_UIS_0002 | OK
2026-09-01 13:15:20 | INFO     | alfresco_extractor:609 | Repositorio 'REPOSITORIO_UIS_0002' OK. Expandiendo...
2026-09-01 13:15:42 | INFO     | alfresco_extractor:723 | Traza: UAA | 1112_UISALUD | OK
2026-09-01 13:15:42 | INFO     | alfresco_extractor:623 | UAA '1112_UISALUD' OK. Expandiendo...
2026-09-01 13:15:54 | INFO     | alfresco_extractor:723 | Traza: SERIE | 1112_C09_CONTRATOS | OK
2026-09-01 13:15:54 | INFO     | alfresco_extractor:642 | SERIE '1112_C09_CONTRATOS' OK. Expandiendo...
2026-09-01 13:16:21 | ERROR    | alfresco_extractor:323 | No se expandió el nodo '1112_C09_CONTRATOS' a tiempo: Message: 

2026-09-01 13:16:21 | ERROR    | alfresco_extractor:835 | Excepción navegando '2025000555_9701': Message: 

2026-09-01 13:16:21 | INFO     | alfresco_extractor:876 | [171/749] '2025000555_9701' -> NO ENCONTRADO
2026-09-01 13:16:21 | INFO     | alfresco_extractor:677 | Buscando ruta UAA='1112_UISALUD' | SERIE='C09_CONTRATOS' | SUB-SERIE='C09.23_CONTR_PREST_SERVI_RED_SALUD'
2026-09-01 13:17:15 | WARNING  | alfresco_extractor:543 | Fast path: sin resultados para '2025000557_9701'.
2026-09-01 13:17:15 | WARNING  | alfresco_extractor:691 | Fast path sin éxito para '2025000557_9701'; se restaura el árbol y se usa la ruta oficial.
2026-09-01 13:17:37 | WARNING  | alfresco_extractor:204 | No se pudo clicar el menú 'Repositorio' (Message: 
Stacktrace:
	chromedriver!GetHandleVerifier [0x7ff67cf18a65+5625]
	chromedriver!(No symbol) [0x7ff67ce3ce10]
	chromedriver!(No symbol) [0x7ff67cc65f8d]
	chromedriver!(No symbol) [0x7ff67ccc13ea]
	chromedriver!(No symbol) [0x7ff67ccc16fc]
	chromedriver!(No symbol) [0x7ff67cd122f7]
	chromedriver!(No symbol) [0x7ff67cd0eef1]
	chromedriver!(No symbol) [0x7ff67ccb384b]
	chromedriver!(No symbol) [0x7ff67ccb4783]
	chromedriver!GetHandleVerifier [0x7ff67d33476b+42132b]
	chromedriver!GetHandleVerifier [0x7ff67d35fcf2+44c8b2]
	chromedriver!GetHandleVerifier [0x7ff67d353c9e+44085e]
	chromedriver!GetHandleVerifier [0x7ff67d014e3e+1019fe]
	chromedriver!(No symbol) [0x7ff67ce49f6c]
	chromedriver!(No symbol) [0x7ff67ce45c44]
	chromedriver!(No symbol) [0x7ff67ce45dd4]
	chromedriver!(No symbol) [0x7ff67ce30cbc]
	KERNEL32!BaseThreadInitThunk [0x7ffe8b9accb7+17]
	ntdll!RtlUserThreadStart [0x7ffe8d28ad6c+2c]
). Navegando a https://gesdoc.uis.edu.co/share/page/repository
2026-09-01 13:18:10 | WARNING  | alfresco_extractor:219 | Tras navegar a 'https://gesdoc.uis.edu.co/share/page/repository' no se detectó la raíz 'REPOSITORIO_UIS_0002' del árbol.
2026-09-01 13:18:37 | INFO     | alfresco_extractor:723 | Traza: REPOSITORIO | REPOSITORIO_UIS_0002 | NO
2026-09-01 13:18:37 | ERROR    | alfresco_extractor:607 | No se encontró el nodo raíz 'REPOSITORIO_UIS_0002'.
2026-09-01 13:18:37 | INFO     | alfresco_extractor:876 | [172/749] '2025000557_9701' -> NO ENCONTRADO
2026-09-01 13:18:37 | INFO     | alfresco_extractor:677 | Buscando ruta UAA='1112_UISALUD' | SERIE='C09_CONTRATOS' | SUB-SERIE='C09.23_CONTR_PREST_SERVI_RED_SALUD'
2026-09-01 13:18:53 | WARNING  | alfresco_extractor:528 | Fast path: caja de búsqueda del header no disponible.
2026-09-01 13:18:53 | WARNING  | alfresco_extractor:691 | Fast path sin éxito para '2025000560_9701'; se restaura el árbol y se usa la ruta oficial.
2026-09-01 13:19:14 | WARNING  | alfresco_extractor:204 | No se pudo clicar el menú 'Repositorio' (Message: 
Stacktrace:
	chromedriver!GetHandleVerifier [0x7ff67cf18a65+5625]
	chromedriver!(No symbol) [0x7ff67ce3ce10]
	chromedriver!(No symbol) [0x7ff67cc65f8d]
	chromedriver!(No symbol) [0x7ff67ccc13ea]
	chromedriver!(No symbol) [0x7ff67ccc16fc]
	chromedriver!(No symbol) [0x7ff67cd122f7]
	chromedriver!(No symbol) [0x7ff67cd0eef1]
	chromedriver!(No symbol) [0x7ff67ccb384b]
	chromedriver!(No symbol) [0x7ff67ccb4783]
	chromedriver!GetHandleVerifier [0x7ff67d33476b+42132b]
	chromedriver!GetHandleVerifier [0x7ff67d35fcf2+44c8b2]
	chromedriver!GetHandleVerifier [0x7ff67d353c9e+44085e]
	chromedriver!GetHandleVerifier [0x7ff67d014e3e+1019fe]
	chromedriver!(No symbol) [0x7ff67ce49f6c]
	chromedriver!(No symbol) [0x7ff67ce45c44]
	chromedriver!(No symbol) [0x7ff67ce45dd4]
	chromedriver!(No symbol) [0x7ff67ce30cbc]
	KERNEL32!BaseThreadInitThunk [0x7ffe8b9accb7+17]
	ntdll!RtlUserThreadStart [0x7ffe8d28ad6c+2c]
). Navegando a https://gesdoc.uis.edu.co/share/page/repository
2026-09-01 13:19:47 | WARNING  | alfresco_extractor:219 | Tras navegar a 'https://gesdoc.uis.edu.co/share/page/repository' no se detectó la raíz 'REPOSITORIO_UIS_0002' del árbol.
2026-09-01 13:20:14 | INFO     | alfresco_extractor:723 | Traza: REPOSITORIO | REPOSITORIO_UIS_0002 | NO
2026-09-01 13:20:14 | ERROR    | alfresco_extractor:607 | No se encontró el nodo raíz 'REPOSITORIO_UIS_0002'.
2026-09-01 13:20:14 | INFO     | alfresco_extractor:876 | [173/749] '2025000560_9701' -> NO ENCONTRADO
2026-09-01 13:20:14 | INFO     | alfresco_extractor:677 | Buscando ruta UAA='1112_UISALUD' | SERIE='C09_CONTRATOS' | SUB-SERIE='C09.23_CONTR_PREST_SERVI_RED_SALUD'
2026-09-01 13:20:30 | WARNING  | alfresco_extractor:528 | Fast path: caja de búsqueda del header no disponible.
2026-09-01 13:20:30 | WARNING  | alfresco_extractor:691 | Fast path sin éxito para '2025000562_9701'; se restaura el árbol y se usa la ruta oficial.
2026-09-01 13:20:52 | WARNING  | alfresco_extractor:204 | No se pudo clicar el menú 'Repositorio' (Message: 
Stacktrace:
	chromedriver!GetHandleVerifier [0x7ff67cf18a65+5625]
	chromedriver!(No symbol) [0x7ff67ce3ce10]
	chromedriver!(No symbol) [0x7ff67cc65f8d]
	chromedriver!(No symbol) [0x7ff67ccc13ea]
	chromedriver!(No symbol) [0x7ff67ccc16fc]
	chromedriver!(No symbol) [0x7ff67cd122f7]
	chromedriver!(No symbol) [0x7ff67cd0eef1]
	chromedriver!(No symbol) [0x7ff67ccb384b]
	chromedriver!(No symbol) [0x7ff67ccb4783]
	chromedriver!GetHandleVerifier [0x7ff67d33476b+42132b]
	chromedriver!GetHandleVerifier [0x7ff67d35fcf2+44c8b2]
	chromedriver!GetHandleVerifier [0x7ff67d353c9e+44085e]
	chromedriver!GetHandleVerifier [0x7ff67d014e3e+1019fe]
	chromedriver!(No symbol) [0x7ff67ce49f6c]
	chromedriver!(No symbol) [0x7ff67ce45c44]
	chromedriver!(No symbol) [0x7ff67ce45dd4]
	chromedriver!(No symbol) [0x7ff67ce30cbc]
	KERNEL32!BaseThreadInitThunk [0x7ffe8b9accb7+17]
	ntdll!RtlUserThreadStart [0x7ffe8d28ad6c+2c]
). Navegando a https://gesdoc.uis.edu.co/share/page/repository
2026-09-01 13:21:25 | WARNING  | alfresco_extractor:219 | Tras navegar a 'https://gesdoc.uis.edu.co/share/page/repository' no se detectó la raíz 'REPOSITORIO_UIS_0002' del árbol.
2026-09-01 13:21:52 | INFO     | alfresco_extractor:723 | Traza: REPOSITORIO | REPOSITORIO_UIS_0002 | NO
2026-09-01 13:21:52 | ERROR    | alfresco_extractor:607 | No se encontró el nodo raíz 'REPOSITORIO_UIS_0002'.
2026-09-01 13:21:52 | INFO     | alfresco_extractor:876 | [174/749] '2025000562_9701' -> NO ENCONTRADO
2026-09-01 13:21:52 | INFO     | alfresco_extractor:677 | Buscando ruta UAA='1112_UISALUD' | SERIE='C09_CONTRATOS' | SUB-SERIE='C09.23_CONTR_PREST_SERVI_RED_SALUD'
2026-09-01 13:22:08 | WARNING  | alfresco_extractor:528 | Fast path: caja de búsqueda del header no disponible.
2026-09-01 13:22:08 | WARNING  | alfresco_extractor:691 | Fast path sin éxito para '2025000565_9701'; se restaura el árbol y se usa la ruta oficial.
2026-09-01 13:22:30 | WARNING  | alfresco_extractor:204 | No se pudo clicar el menú 'Repositorio' (Message: 
Stacktrace:
	chromedriver!GetHandleVerifier [0x7ff67cf18a65+5625]
	chromedriver!(No symbol) [0x7ff67ce3ce10]
	chromedriver!(No symbol) [0x7ff67cc65f8d]
	chromedriver!(No symbol) [0x7ff67ccc13ea]
	chromedriver!(No symbol) [0x7ff67ccc16fc]
	chromedriver!(No symbol) [0x7ff67cd122f7]
	chromedriver!(No symbol) [0x7ff67cd0eef1]
	chromedriver!(No symbol) [0x7ff67ccb384b]
	chromedriver!(No symbol) [0x7ff67ccb4783]
	chromedriver!GetHandleVerifier [0x7ff67d33476b+42132b]
	chromedriver!GetHandleVerifier [0x7ff67d35fcf2+44c8b2]
	chromedriver!GetHandleVerifier [0x7ff67d353c9e+44085e]
	chromedriver!GetHandleVerifier [0x7ff67d014e3e+1019fe]
	chromedriver!(No symbol) [0x7ff67ce49f6c]
	chromedriver!(No symbol) [0x7ff67ce45c44]
	chromedriver!(No symbol) [0x7ff67ce45dd4]
	chromedriver!(No symbol) [0x7ff67ce30cbc]
	KERNEL32!BaseThreadInitThunk [0x7ffe8b9accb7+17]
	ntdll!RtlUserThreadStart [0x7ffe8d28ad6c+2c]
). Navegando a https://gesdoc.uis.edu.co/share/page/repository
2026-09-01 13:23:03 | WARNING  | alfresco_extractor:219 | Tras navegar a 'https://gesdoc.uis.edu.co/share/page/repository' no se detectó la raíz 'REPOSITORIO_UIS_0002' del árbol.
2026-09-01 13:23:30 | INFO     | alfresco_extractor:723 | Traza: REPOSITORIO | REPOSITORIO_UIS_0002 | NO
2026-09-01 13:23:30 | ERROR    | alfresco_extractor:607 | No se encontró el nodo raíz 'REPOSITORIO_UIS_0002'.
2026-09-01 13:23:30 | INFO     | alfresco_extractor:876 | [175/749] '2025000565_9701' -> NO ENCONTRADO
2026-09-01 13:23:30 | INFO     | alfresco_extractor:677 | Buscando ruta UAA='1112_UISALUD' | SERIE='C09_CONTRATOS' | SUB-SERIE='C09.23_CONTR_PREST_SERVI_RED_SALUD'
2026-09-01 13:23:46 | WARNING  | alfresco_extractor:528 | Fast path: caja de búsqueda del header no disponible.
2026-09-01 13:23:46 | WARNING  | alfresco_extractor:691 | Fast path sin éxito para '2025000566_9701'; se restaura el árbol y se usa la ruta oficial.
2026-09-01 13:24:08 | WARNING  | alfresco_extractor:204 | No se pudo clicar el menú 'Repositorio' (Message: 
Stacktrace:
	chromedriver!GetHandleVerifier [0x7ff67cf18a65+5625]
	chromedriver!(No symbol) [0x7ff67ce3ce10]
	chromedriver!(No symbol) [0x7ff67cc65f8d]
	chromedriver!(No symbol) [0x7ff67ccc13ea]
	chromedriver!(No symbol) [0x7ff67ccc16fc]
	chromedriver!(No symbol) [0x7ff67cd122f7]
	chromedriver!(No symbol) [0x7ff67cd0eef1]
	chromedriver!(No symbol) [0x7ff67ccb384b]
	chromedriver!(No symbol) [0x7ff67ccb4783]
	chromedriver!GetHandleVerifier [0x7ff67d33476b+42132b]
	chromedriver!GetHandleVerifier [0x7ff67d35fcf2+44c8b2]
	chromedriver!GetHandleVerifier [0x7ff67d353c9e+44085e]
	chromedriver!GetHandleVerifier [0x7ff67d014e3e+1019fe]
	chromedriver!(No symbol) [0x7ff67ce49f6c]
	chromedriver!(No symbol) [0x7ff67ce45c44]
	chromedriver!(No symbol) [0x7ff67ce45dd4]
	chromedriver!(No symbol) [0x7ff67ce30cbc]
	KERNEL32!BaseThreadInitThunk [0x7ffe8b9accb7+17]
	ntdll!RtlUserThreadStart [0x7ffe8d28ad6c+2c]
). Navegando a https://gesdoc.uis.edu.co/share/page/repository
2026-09-01 13:24:40 | WARNING  | alfresco_extractor:219 | Tras navegar a 'https://gesdoc.uis.edu.co/share/page/repository' no se detectó la raíz 'REPOSITORIO_UIS_0002' del árbol.
2026-09-01 13:25:07 | INFO     | alfresco_extractor:723 | Traza: REPOSITORIO | REPOSITORIO_UIS_0002 | NO
2026-09-01 13:25:07 | ERROR    | alfresco_extractor:607 | No se encontró el nodo raíz 'REPOSITORIO_UIS_0002'.
2026-09-01 13:25:07 | INFO     | alfresco_extractor:876 | [176/749] '2025000566_9701' -> NO ENCONTRADO
2026-09-01 13:25:07 | INFO     | alfresco_extractor:677 | Buscando ruta UAA='1112_UISALUD' | SERIE='C09_CONTRATOS' | SUB-SERIE='C09.23_CONTR_PREST_SERVI_RED_SALUD'
2026-09-01 13:25:23 | WARNING  | alfresco_extractor:528 | Fast path: caja de búsqueda del header no disponible.
2026-09-01 13:25:23 | WARNING  | alfresco_extractor:691 | Fast path sin éxito para '2025000567_9701'; se restaura el árbol y se usa la ruta oficial.
2026-09-01 13:25:45 | WARNING  | alfresco_extractor:204 | No se pudo clicar el menú 'Repositorio' (Message: 
Stacktrace:
	chromedriver!GetHandleVerifier [0x7ff67cf18a65+5625]
	chromedriver!(No symbol) [0x7ff67ce3ce10]
	chromedriver!(No symbol) [0x7ff67cc65f8d]
	chromedriver!(No symbol) [0x7ff67ccc13ea]
	chromedriver!(No symbol) [0x7ff67ccc16fc]
	chromedriver!(No symbol) [0x7ff67cd122f7]
	chromedriver!(No symbol) [0x7ff67cd0eef1]
	chromedriver!(No symbol) [0x7ff67ccb384b]
	chromedriver!(No symbol) [0x7ff67ccb4783]
	chromedriver!GetHandleVerifier [0x7ff67d33476b+42132b]
	chromedriver!GetHandleVerifier [0x7ff67d35fcf2+44c8b2]
	chromedriver!GetHandleVerifier [0x7ff67d353c9e+44085e]
	chromedriver!GetHandleVerifier [0x7ff67d014e3e+1019fe]
	chromedriver!(No symbol) [0x7ff67ce49f6c]
	chromedriver!(No symbol) [0x7ff67ce45c44]
	chromedriver!(No symbol) [0x7ff67ce45dd4]
	chromedriver!(No symbol) [0x7ff67ce30cbc]
	KERNEL32!BaseThreadInitThunk [0x7ffe8b9accb7+17]
	ntdll!RtlUserThreadStart [0x7ffe8d28ad6c+2c]
). Navegando a https://gesdoc.uis.edu.co/share/page/repository
2026-09-01 13:26:18 | WARNING  | alfresco_extractor:219 | Tras navegar a 'https://gesdoc.uis.edu.co/share/page/repository' no se detectó la raíz 'REPOSITORIO_UIS_0002' del árbol.
2026-09-01 13:26:45 | INFO     | alfresco_extractor:723 | Traza: REPOSITORIO | REPOSITORIO_UIS_0002 | NO
2026-09-01 13:26:45 | ERROR    | alfresco_extractor:607 | No se encontró el nodo raíz 'REPOSITORIO_UIS_0002'.
2026-09-01 13:26:45 | INFO     | alfresco_extractor:876 | [177/749] '2025000567_9701' -> NO ENCONTRADO
2026-09-01 13:26:45 | INFO     | alfresco_extractor:677 | Buscando ruta UAA='1112_UISALUD' | SERIE='C09_CONTRATOS' | SUB-SERIE='C09.23_CONTR_PREST_SERVI_RED_SALUD'
2026-09-01 13:27:01 | WARNING  | alfresco_extractor:528 | Fast path: caja de búsqueda del header no disponible.
2026-09-01 13:27:01 | WARNING  | alfresco_extractor:691 | Fast path sin éxito para '2025000568_9701'; se restaura el árbol y se usa la ruta oficial.
2026-09-01 13:27:23 | WARNING  | alfresco_extractor:204 | No se pudo clicar el menú 'Repositorio' (Message: 
Stacktrace:
	chromedriver!GetHandleVerifier [0x7ff67cf18a65+5625]
	chromedriver!(No symbol) [0x7ff67ce3ce10]
	chromedriver!(No symbol) [0x7ff67cc65f8d]
	chromedriver!(No symbol) [0x7ff67ccc13ea]
	chromedriver!(No symbol) [0x7ff67ccc16fc]
	chromedriver!(No symbol) [0x7ff67cd122f7]
	chromedriver!(No symbol) [0x7ff67cd0eef1]
	chromedriver!(No symbol) [0x7ff67ccb384b]
	chromedriver!(No symbol) [0x7ff67ccb4783]
	chromedriver!GetHandleVerifier [0x7ff67d33476b+42132b]
	chromedriver!GetHandleVerifier [0x7ff67d35fcf2+44c8b2]
	chromedriver!GetHandleVerifier [0x7ff67d353c9e+44085e]
	chromedriver!GetHandleVerifier [0x7ff67d014e3e+1019fe]
	chromedriver!(No symbol) [0x7ff67ce49f6c]
	chromedriver!(No symbol) [0x7ff67ce45c44]
	chromedriver!(No symbol) [0x7ff67ce45dd4]
	chromedriver!(No symbol) [0x7ff67ce30cbc]
	KERNEL32!BaseThreadInitThunk [0x7ffe8b9accb7+17]
	ntdll!RtlUserThreadStart [0x7ffe8d28ad6c+2c]
). Navegando a https://gesdoc.uis.edu.co/share/page/repository
2026-09-01 13:27:55 | WARNING  | alfresco_extractor:219 | Tras navegar a 'https://gesdoc.uis.edu.co/share/page/repository' no se detectó la raíz 'REPOSITORIO_UIS_0002' del árbol.
2026-09-01 13:28:22 | INFO     | alfresco_extractor:723 | Traza: REPOSITORIO | REPOSITORIO_UIS_0002 | NO
2026-09-01 13:28:22 | ERROR    | alfresco_extractor:607 | No se encontró el nodo raíz 'REPOSITORIO_UIS_0002'.
2026-09-01 13:28:22 | INFO     | alfresco_extractor:876 | [178/749] '2025000568_9701' -> NO ENCONTRADO
2026-09-01 13:28:22 | INFO     | alfresco_extractor:677 | Buscando ruta UAA='1112_UISALUD' | SERIE='C09_CONTRATOS' | SUB-SERIE='C09.23_CONTR_PREST_SERVI_RED_SALUD'
2026-09-01 13:28:39 | WARNING  | alfresco_extractor:528 | Fast path: caja de búsqueda del header no disponible.
2026-09-01 13:28:39 | WARNING  | alfresco_extractor:691 | Fast path sin éxito para '2025000569_9701'; se restaura el árbol y se usa la ruta oficial.
2026-09-01 13:29:00 | WARNING  | alfresco_extractor:204 | No se pudo clicar el menú 'Repositorio' (Message: 
Stacktrace:
	chromedriver!GetHandleVerifier [0x7ff67cf18a65+5625]
	chromedriver!(No symbol) [0x7ff67ce3ce10]
	chromedriver!(No symbol) [0x7ff67cc65f8d]
	chromedriver!(No symbol) [0x7ff67ccc13ea]
	chromedriver!(No symbol) [0x7ff67ccc16fc]
	chromedriver!(No symbol) [0x7ff67cd122f7]
	chromedriver!(No symbol) [0x7ff67cd0eef1]
	chromedriver!(No symbol) [0x7ff67ccb384b]
	chromedriver!(No symbol) [0x7ff67ccb4783]
	chromedriver!GetHandleVerifier [0x7ff67d33476b+42132b]
	chromedriver!GetHandleVerifier [0x7ff67d35fcf2+44c8b2]
	chromedriver!GetHandleVerifier [0x7ff67d353c9e+44085e]
	chromedriver!GetHandleVerifier [0x7ff67d014e3e+1019fe]
	chromedriver!(No symbol) [0x7ff67ce49f6c]
	chromedriver!(No symbol) [0x7ff67ce45c44]
	chromedriver!(No symbol) [0x7ff67ce45dd4]
	chromedriver!(No symbol) [0x7ff67ce30cbc]
	KERNEL32!BaseThreadInitThunk [0x7ffe8b9accb7+17]
	ntdll!RtlUserThreadStart [0x7ffe8d28ad6c+2c]
). Navegando a https://gesdoc.uis.edu.co/share/page/repository
2026-09-01 13:29:33 | WARNING  | alfresco_extractor:219 | Tras navegar a 'https://gesdoc.uis.edu.co/share/page/repository' no se detectó la raíz 'REPOSITORIO_UIS_0002' del árbol.
2026-09-01 13:30:00 | INFO     | alfresco_extractor:723 | Traza: REPOSITORIO | REPOSITORIO_UIS_0002 | NO
2026-09-01 13:30:00 | ERROR    | alfresco_extractor:607 | No se encontró el nodo raíz 'REPOSITORIO_UIS_0002'.
2026-09-01 13:30:00 | INFO     | alfresco_extractor:876 | [179/749] '2025000569_9701' -> NO ENCONTRADO
2026-09-01 13:30:00 | INFO     | alfresco_extractor:677 | Buscando ruta UAA='1112_UISALUD' | SERIE='C09_CONTRATOS' | SUB-SERIE='C09.23_CONTR_PREST_SERVI_RED_SALUD'
2026-09-01 13:30:16 | WARNING  | alfresco_extractor:528 | Fast path: caja de búsqueda del header no disponible.
2026-09-01 13:30:16 | WARNING  | alfresco_extractor:691 | Fast path sin éxito para '2025000571_9701'; se restaura el árbol y se usa la ruta oficial.
2026-09-01 13:30:38 | WARNING  | alfresco_extractor:204 | No se pudo clicar el menú 'Repositorio' (Message: 
Stacktrace:
	chromedriver!GetHandleVerifier [0x7ff67cf18a65+5625]
	chromedriver!(No symbol) [0x7ff67ce3ce10]
	chromedriver!(No symbol) [0x7ff67cc65f8d]
	chromedriver!(No symbol) [0x7ff67ccc13ea]
	chromedriver!(No symbol) [0x7ff67ccc16fc]
	chromedriver!(No symbol) [0x7ff67cd122f7]
	chromedriver!(No symbol) [0x7ff67cd0eef1]
	chromedriver!(No symbol) [0x7ff67ccb384b]
	chromedriver!(No symbol) [0x7ff67ccb4783]
	chromedriver!GetHandleVerifier [0x7ff67d33476b+42132b]
	chromedriver!GetHandleVerifier [0x7ff67d35fcf2+44c8b2]
	chromedriver!GetHandleVerifier [0x7ff67d353c9e+44085e]
	chromedriver!GetHandleVerifier [0x7ff67d014e3e+1019fe]
	chromedriver!(No symbol) [0x7ff67ce49f6c]
	chromedriver!(No symbol) [0x7ff67ce45c44]
	chromedriver!(No symbol) [0x7ff67ce45dd4]
	chromedriver!(No symbol) [0x7ff67ce30cbc]
	KERNEL32!BaseThreadInitThunk [0x7ffe8b9accb7+17]
	ntdll!RtlUserThreadStart [0x7ffe8d28ad6c+2c]
). Navegando a https://gesdoc.uis.edu.co/share/page/repository
2026-09-01 13:31:11 | WARNING  | alfresco_extractor:219 | Tras navegar a 'https://gesdoc.uis.edu.co/share/page/repository' no se detectó la raíz 'REPOSITORIO_UIS_0002' del árbol.
2026-09-01 13:31:38 | INFO     | alfresco_extractor:723 | Traza: REPOSITORIO | REPOSITORIO_UIS_0002 | NO
2026-09-01 13:31:38 | ERROR    | alfresco_extractor:607 | No se encontró el nodo raíz 'REPOSITORIO_UIS_0002'.
2026-09-01 13:31:38 | INFO     | alfresco_extractor:876 | [180/749] '2025000571_9701' -> NO ENCONTRADO
2026-09-01 13:31:38 | INFO     | alfresco_extractor:677 | Buscando ruta UAA='1112_UISALUD' | SERIE='C09_CONTRATOS' | SUB-SERIE='C09.23_CONTR_PREST_SERVI_RED_SALUD'
2026-09-01 13:31:54 | WARNING  | alfresco_extractor:528 | Fast path: caja de búsqueda del header no disponible.
2026-09-01 13:31:54 | WARNING  | alfresco_extractor:691 | Fast path sin éxito para '2025000573_9701'; se restaura el árbol y se usa la ruta oficial.
2026-09-01 13:32:16 | WARNING  | alfresco_extractor:204 | No se pudo clicar el menú 'Repositorio' (Message: 
Stacktrace:
	chromedriver!GetHandleVerifier [0x7ff67cf18a65+5625]
	chromedriver!(No symbol) [0x7ff67ce3ce10]
	chromedriver!(No symbol) [0x7ff67cc65f8d]
	chromedriver!(No symbol) [0x7ff67ccc13ea]
	chromedriver!(No symbol) [0x7ff67ccc16fc]
	chromedriver!(No symbol) [0x7ff67cd122f7]
	chromedriver!(No symbol) [0x7ff67cd0eef1]
	chromedriver!(No symbol) [0x7ff67ccb384b]
	chromedriver!(No symbol) [0x7ff67ccb4783]
	chromedriver!GetHandleVerifier [0x7ff67d33476b+42132b]
	chromedriver!GetHandleVerifier [0x7ff67d35fcf2+44c8b2]
	chromedriver!GetHandleVerifier [0x7ff67d353c9e+44085e]
	chromedriver!GetHandleVerifier [0x7ff67d014e3e+1019fe]
	chromedriver!(No symbol) [0x7ff67ce49f6c]
	chromedriver!(No symbol) [0x7ff67ce45c44]
	chromedriver!(No symbol) [0x7ff67ce45dd4]
	chromedriver!(No symbol) [0x7ff67ce30cbc]
	KERNEL32!BaseThreadInitThunk [0x7ffe8b9accb7+17]
	ntdll!RtlUserThreadStart [0x7ffe8d28ad6c+2c]
). Navegando a https://gesdoc.uis.edu.co/share/page/repository
2026-09-01 13:32:49 | WARNING  | alfresco_extractor:219 | Tras navegar a 'https://gesdoc.uis.edu.co/share/page/repository' no se detectó la raíz 'REPOSITORIO_UIS_0002' del árbol.
2026-09-01 13:33:16 | INFO     | alfresco_extractor:723 | Traza: REPOSITORIO | REPOSITORIO_UIS_0002 | NO
2026-09-01 13:33:16 | ERROR    | alfresco_extractor:607 | No se encontró el nodo raíz 'REPOSITORIO_UIS_0002'.
2026-09-01 13:33:16 | INFO     | alfresco_extractor:876 | [181/749] '2025000573_9701' -> NO ENCONTRADO
2026-09-01 13:33:16 | INFO     | alfresco_extractor:677 | Buscando ruta UAA='1112_UISALUD' | SERIE='C09_CONTRATOS' | SUB-SERIE='C09.33_ORDEN_SUMINISTROS'
2026-09-01 13:33:32 | WARNING  | alfresco_extractor:528 | Fast path: caja de búsqueda del header no disponible.
2026-09-01 13:33:32 | WARNING  | alfresco_extractor:691 | Fast path sin éxito para '2025000043_9701'; se restaura el árbol y se usa la ruta oficial.
2026-09-01 13:33:54 | WARNING  | alfresco_extractor:204 | No se pudo clicar el menú 'Repositorio' (Message: 
Stacktrace:
	chromedriver!GetHandleVerifier [0x7ff67cf18a65+5625]
	chromedriver!(No symbol) [0x7ff67ce3ce10]
	chromedriver!(No symbol) [0x7ff67cc65f8d]
	chromedriver!(No symbol) [0x7ff67ccc13ea]
	chromedriver!(No symbol) [0x7ff67ccc16fc]
	chromedriver!(No symbol) [0x7ff67cd122f7]
	chromedriver!(No symbol) [0x7ff67cd0eef1]
	chromedriver!(No symbol) [0x7ff67ccb384b]
	chromedriver!(No symbol) [0x7ff67ccb4783]
	chromedriver!GetHandleVerifier [0x7ff67d33476b+42132b]
	chromedriver!GetHandleVerifier [0x7ff67d35fcf2+44c8b2]
	chromedriver!GetHandleVerifier [0x7ff67d353c9e+44085e]
	chromedriver!GetHandleVerifier [0x7ff67d014e3e+1019fe]
	chromedriver!(No symbol) [0x7ff67ce49f6c]
	chromedriver!(No symbol) [0x7ff67ce45c44]
	chromedriver!(No symbol) [0x7ff67ce45dd4]
	chromedriver!(No symbol) [0x7ff67ce30cbc]
	KERNEL32!BaseThreadInitThunk [0x7ffe8b9accb7+17]
	ntdll!RtlUserThreadStart [0x7ffe8d28ad6c+2c]
). Navegando a https://gesdoc.uis.edu.co/share/page/repository
2026-09-01 13:34:26 | WARNING  | alfresco_extractor:219 | Tras navegar a 'https://gesdoc.uis.edu.co/share/page/repository' no se detectó la raíz 'REPOSITORIO_UIS_0002' del árbol.
2026-09-01 13:34:54 | INFO     | alfresco_extractor:723 | Traza: REPOSITORIO | REPOSITORIO_UIS_0002 | NO
2026-09-01 13:34:54 | ERROR    | alfresco_extractor:607 | No se encontró el nodo raíz 'REPOSITORIO_UIS_0002'.
2026-09-01 13:34:54 | INFO     | alfresco_extractor:876 | [182/749] '2025000043_9701' -> NO ENCONTRADO
2026-09-01 13:34:54 | INFO     | alfresco_extractor:677 | Buscando ruta UAA='1114_DIR_COMUNICACIONES' | SERIE='C09_CONTRATOS' | SUB-SERIE='C09.08_ORDEN_COMPRA'
2026-09-01 13:35:10 | WARNING  | alfresco_extractor:528 | Fast path: caja de búsqueda del header no disponible.
2026-09-01 13:35:10 | WARNING  | alfresco_extractor:691 | Fast path sin éxito para '0020_2026000265_7053'; se restaura el árbol y se usa la ruta oficial.
2026-09-01 13:35:31 | WARNING  | alfresco_extractor:204 | No se pudo clicar el menú 'Repositorio' (Message: 
Stacktrace:
	chromedriver!GetHandleVerifier [0x7ff67cf18a65+5625]
	chromedriver!(No symbol) [0x7ff67ce3ce10]
	chromedriver!(No symbol) [0x7ff67cc65f8d]
	chromedriver!(No symbol) [0x7ff67ccc13ea]
	chromedriver!(No symbol) [0x7ff67ccc16fc]
	chromedriver!(No symbol) [0x7ff67cd122f7]
	chromedriver!(No symbol) [0x7ff67cd0eef1]
	chromedriver!(No symbol) [0x7ff67ccb384b]
	chromedriver!(No symbol) [0x7ff67ccb4783]
	chromedriver!GetHandleVerifier [0x7ff67d33476b+42132b]
	chromedriver!GetHandleVerifier [0x7ff67d35fcf2+44c8b2]
	chromedriver!GetHandleVerifier [0x7ff67d353c9e+44085e]
	chromedriver!GetHandleVerifier [0x7ff67d014e3e+1019fe]
	chromedriver!(No symbol) [0x7ff67ce49f6c]
	chromedriver!(No symbol) [0x7ff67ce45c44]
	chromedriver!(No symbol) [0x7ff67ce45dd4]
	chromedriver!(No symbol) [0x7ff67ce30cbc]
	KERNEL32!BaseThreadInitThunk [0x7ffe8b9accb7+17]
	ntdll!RtlUserThreadStart [0x7ffe8d28ad6c+2c]
). Navegando a https://gesdoc.uis.edu.co/share/page/repository
2026-09-01 13:36:04 | WARNING  | alfresco_extractor:219 | Tras navegar a 'https://gesdoc.uis.edu.co/share/page/repository' no se detectó la raíz 'REPOSITORIO_UIS_0002' del árbol.
2026-09-01 13:36:32 | INFO     | alfresco_extractor:723 | Traza: REPOSITORIO | REPOSITORIO_UIS_0002 | NO
2026-09-01 13:36:32 | ERROR    | alfresco_extractor:607 | No se encontró el nodo raíz 'REPOSITORIO_UIS_0002'.
2026-09-01 13:36:32 | INFO     | alfresco_extractor:876 | [183/749] '0020_2026000265_7053' -> NO ENCONTRADO
2026-09-01 13:36:32 | INFO     | alfresco_extractor:677 | Buscando ruta UAA='1130_PLANEACION' | SERIE='C09_CONTRATOS' | SUB-SERIE='C09.11_ORDEN_PRESTACION_SERVICIOS'
2026-09-01 13:36:48 | WARNING  | alfresco_extractor:528 | Fast path: caja de búsqueda del header no disponible.
2026-09-01 13:36:48 | WARNING  | alfresco_extractor:691 | Fast path sin éxito para '0018_2026002343_1130'; se restaura el árbol y se usa la ruta oficial.
2026-09-01 13:37:09 | WARNING  | alfresco_extractor:204 | No se pudo clicar el menú 'Repositorio' (Message: 
Stacktrace:
	chromedriver!GetHandleVerifier [0x7ff67cf18a65+5625]
	chromedriver!(No symbol) [0x7ff67ce3ce10]
	chromedriver!(No symbol) [0x7ff67cc65f8d]
	chromedriver!(No symbol) [0x7ff67ccc13ea]
	chromedriver!(No symbol) [0x7ff67ccc16fc]
	chromedriver!(No symbol) [0x7ff67cd122f7]
	chromedriver!(No symbol) [0x7ff67cd0eef1]
	chromedriver!(No symbol) [0x7ff67ccb384b]
	chromedriver!(No symbol) [0x7ff67ccb4783]
	chromedriver!GetHandleVerifier [0x7ff67d33476b+42132b]
	chromedriver!GetHandleVerifier [0x7ff67d35fcf2+44c8b2]
	chromedriver!GetHandleVerifier [0x7ff67d353c9e+44085e]
	chromedriver!GetHandleVerifier [0x7ff67d014e3e+1019fe]
	chromedriver!(No symbol) [0x7ff67ce49f6c]
	chromedriver!(No symbol) [0x7ff67ce45c44]
	chromedriver!(No symbol) [0x7ff67ce45dd4]
	chromedriver!(No symbol) [0x7ff67ce30cbc]
	KERNEL32!BaseThreadInitThunk [0x7ffe8b9accb7+17]
	ntdll!RtlUserThreadStart [0x7ffe8d28ad6c+2c]
). Navegando a https://gesdoc.uis.edu.co/share/page/repository
2026-09-01 13:37:42 | WARNING  | alfresco_extractor:219 | Tras navegar a 'https://gesdoc.uis.edu.co/share/page/repository' no se detectó la raíz 'REPOSITORIO_UIS_0002' del árbol.
2026-09-01 13:38:10 | INFO     | alfresco_extractor:723 | Traza: REPOSITORIO | REPOSITORIO_UIS_0002 | NO
2026-09-01 13:38:10 | ERROR    | alfresco_extractor:607 | No se encontró el nodo raíz 'REPOSITORIO_UIS_0002'.
2026-09-01 13:38:10 | INFO     | alfresco_extractor:876 | [184/749] '0018_2026002343_1130' -> NO ENCONTRADO
2026-09-01 13:38:10 | INFO     | alfresco_extractor:677 | Buscando ruta UAA='1156_DIR_CERTI_GESTION_DOCUMENTAL' | SERIE='C09_CONTRATOS' | SUB-SERIE='C09.11_ORDEN_PRESTACION_SERVICIO'
2026-09-01 13:38:26 | WARNING  | alfresco_extractor:528 | Fast path: caja de búsqueda del header no disponible.
2026-09-01 13:38:26 | WARNING  | alfresco_extractor:691 | Fast path sin éxito para '0018_2026002339_7049'; se restaura el árbol y se usa la ruta oficial.
2026-09-01 13:38:48 | WARNING  | alfresco_extractor:204 | No se pudo clicar el menú 'Repositorio' (Message: 
Stacktrace:
	chromedriver!GetHandleVerifier [0x7ff67cf18a65+5625]
	chromedriver!(No symbol) [0x7ff67ce3ce10]
	chromedriver!(No symbol) [0x7ff67cc65f8d]
	chromedriver!(No symbol) [0x7ff67ccc13ea]
	chromedriver!(No symbol) [0x7ff67ccc16fc]
	chromedriver!(No symbol) [0x7ff67cd122f7]
	chromedriver!(No symbol) [0x7ff67cd0eef1]
	chromedriver!(No symbol) [0x7ff67ccb384b]
	chromedriver!(No symbol) [0x7ff67ccb4783]
	chromedriver!GetHandleVerifier [0x7ff67d33476b+42132b]
	chromedriver!GetHandleVerifier [0x7ff67d35fcf2+44c8b2]
	chromedriver!GetHandleVerifier [0x7ff67d353c9e+44085e]
	chromedriver!GetHandleVerifier [0x7ff67d014e3e+1019fe]
	chromedriver!(No symbol) [0x7ff67ce49f6c]
	chromedriver!(No symbol) [0x7ff67ce45c44]
	chromedriver!(No symbol) [0x7ff67ce45dd4]
	chromedriver!(No symbol) [0x7ff67ce30cbc]
	KERNEL32!BaseThreadInitThunk [0x7ffe8b9accb7+17]
	ntdll!RtlUserThreadStart [0x7ffe8d28ad6c+2c]
). Navegando a https://gesdoc.uis.edu.co/share/page/repository
2026-09-01 13:39:21 | WARNING  | alfresco_extractor:219 | Tras navegar a 'https://gesdoc.uis.edu.co/share/page/repository' no se detectó la raíz 'REPOSITORIO_UIS_0002' del árbol.
2026-09-01 13:39:48 | INFO     | alfresco_extractor:723 | Traza: REPOSITORIO | REPOSITORIO_UIS_0002 | NO
2026-09-01 13:39:48 | ERROR    | alfresco_extractor:607 | No se encontró el nodo raíz 'REPOSITORIO_UIS_0002'.
2026-09-01 13:39:48 | INFO     | alfresco_extractor:876 | [185/749] '0018_2026002339_7049' -> NO ENCONTRADO
2026-09-01 13:39:48 | INFO     | alfresco_extractor:677 | Buscando ruta UAA='1188_IPRED' | SERIE='C09_CONTRATOS' | SUB-SERIE='C09.10_ORDEN_PAGO'
2026-09-01 13:40:04 | WARNING  | alfresco_extractor:528 | Fast path: caja de búsqueda del header no disponible.
2026-09-01 13:40:04 | WARNING  | alfresco_extractor:691 | Fast path sin éxito para '0234_2026001064_7046'; se restaura el árbol y se usa la ruta oficial.
2026-09-01 13:40:26 | WARNING  | alfresco_extractor:204 | No se pudo clicar el menú 'Repositorio' (Message: 
Stacktrace:
	chromedriver!GetHandleVerifier [0x7ff67cf18a65+5625]
	chromedriver!(No symbol) [0x7ff67ce3ce10]
	chromedriver!(No symbol) [0x7ff67cc65f8d]
	chromedriver!(No symbol) [0x7ff67ccc13ea]
	chromedriver!(No symbol) [0x7ff67ccc16fc]
	chromedriver!(No symbol) [0x7ff67cd122f7]
	chromedriver!(No symbol) [0x7ff67cd0eef1]
	chromedriver!(No symbol) [0x7ff67ccb384b]
	chromedriver!(No symbol) [0x7ff67ccb4783]
	chromedriver!GetHandleVerifier [0x7ff67d33476b+42132b]
	chromedriver!GetHandleVerifier [0x7ff67d35fcf2+44c8b2]
	chromedriver!GetHandleVerifier [0x7ff67d353c9e+44085e]
	chromedriver!GetHandleVerifier [0x7ff67d014e3e+1019fe]
	chromedriver!(No symbol) [0x7ff67ce49f6c]
	chromedriver!(No symbol) [0x7ff67ce45c44]
	chromedriver!(No symbol) [0x7ff67ce45dd4]
	chromedriver!(No symbol) [0x7ff67ce30cbc]
	KERNEL32!BaseThreadInitThunk [0x7ffe8b9accb7+17]
	ntdll!RtlUserThreadStart [0x7ffe8d28ad6c+2c]
). Navegando a https://gesdoc.uis.edu.co/share/page/repository
2026-09-01 13:40:58 | WARNING  | alfresco_extractor:219 | Tras navegar a 'https://gesdoc.uis.edu.co/share/page/repository' no se detectó la raíz 'REPOSITORIO_UIS_0002' del árbol.
2026-09-01 13:41:26 | INFO     | alfresco_extractor:723 | Traza: REPOSITORIO | REPOSITORIO_UIS_0002 | NO
2026-09-01 13:41:26 | ERROR    | alfresco_extractor:607 | No se encontró el nodo raíz 'REPOSITORIO_UIS_0002'.
2026-09-01 13:41:26 | INFO     | alfresco_extractor:876 | [186/749] '0234_2026001064_7046' -> NO ENCONTRADO
2026-09-01 13:41:26 | INFO     | alfresco_extractor:677 | Buscando ruta UAA='1188_IPRED' | SERIE='C09_CONTRATOS' | SUB-SERIE='C09.10_ORDEN_PAGO'
2026-09-01 13:41:42 | WARNING  | alfresco_extractor:528 | Fast path: caja de búsqueda del header no disponible.
2026-09-01 13:41:42 | WARNING  | alfresco_extractor:691 | Fast path sin éxito para '0234_2026001065_7046'; se restaura el árbol y se usa la ruta oficial.
2026-09-01 13:42:03 | WARNING  | alfresco_extractor:204 | No se pudo clicar el menú 'Repositorio' (Message: 
Stacktrace:
	chromedriver!GetHandleVerifier [0x7ff67cf18a65+5625]
	chromedriver!(No symbol) [0x7ff67ce3ce10]
	chromedriver!(No symbol) [0x7ff67cc65f8d]
	chromedriver!(No symbol) [0x7ff67ccc13ea]
	chromedriver!(No symbol) [0x7ff67ccc16fc]
	chromedriver!(No symbol) [0x7ff67cd122f7]
	chromedriver!(No symbol) [0x7ff67cd0eef1]
	chromedriver!(No symbol) [0x7ff67ccb384b]
	chromedriver!(No symbol) [0x7ff67ccb4783]
	chromedriver!GetHandleVerifier [0x7ff67d33476b+42132b]
	chromedriver!GetHandleVerifier [0x7ff67d35fcf2+44c8b2]
	chromedriver!GetHandleVerifier [0x7ff67d353c9e+44085e]
	chromedriver!GetHandleVerifier [0x7ff67d014e3e+1019fe]
	chromedriver!(No symbol) [0x7ff67ce49f6c]
	chromedriver!(No symbol) [0x7ff67ce45c44]
	chromedriver!(No symbol) [0x7ff67ce45dd4]
	chromedriver!(No symbol) [0x7ff67ce30cbc]
	KERNEL32!BaseThreadInitThunk [0x7ffe8b9accb7+17]
	ntdll!RtlUserThreadStart [0x7ffe8d28ad6c+2c]
). Navegando a https://gesdoc.uis.edu.co/share/page/repository
2026-09-01 13:42:36 | WARNING  | alfresco_extractor:219 | Tras navegar a 'https://gesdoc.uis.edu.co/share/page/repository' no se detectó la raíz 'REPOSITORIO_UIS_0002' del árbol.
2026-09-01 13:43:03 | INFO     | alfresco_extractor:723 | Traza: REPOSITORIO | REPOSITORIO_UIS_0002 | NO
2026-09-01 13:43:03 | ERROR    | alfresco_extractor:607 | No se encontró el nodo raíz 'REPOSITORIO_UIS_0002'.
2026-09-01 13:43:03 | INFO     | alfresco_extractor:876 | [187/749] '0234_2026001065_7046' -> NO ENCONTRADO
2026-09-01 13:43:03 | INFO     | alfresco_extractor:677 | Buscando ruta UAA='1188_IPRED' | SERIE='C09_CONTRATOS' | SUB-SERIE='C09.10_ORDEN_PAGO'
2026-09-01 13:43:19 | WARNING  | alfresco_extractor:528 | Fast path: caja de búsqueda del header no disponible.
2026-09-01 13:43:19 | WARNING  | alfresco_extractor:691 | Fast path sin éxito para '0234_2026008572_7046'; se restaura el árbol y se usa la ruta oficial.
2026-09-01 13:43:41 | WARNING  | alfresco_extractor:204 | No se pudo clicar el menú 'Repositorio' (Message: 
Stacktrace:
	chromedriver!GetHandleVerifier [0x7ff67cf18a65+5625]
	chromedriver!(No symbol) [0x7ff67ce3ce10]
	chromedriver!(No symbol) [0x7ff67cc65f8d]
	chromedriver!(No symbol) [0x7ff67ccc13ea]
	chromedriver!(No symbol) [0x7ff67ccc16fc]
	chromedriver!(No symbol) [0x7ff67cd122f7]
	chromedriver!(No symbol) [0x7ff67cd0eef1]
	chromedriver!(No symbol) [0x7ff67ccb384b]
	chromedriver!(No symbol) [0x7ff67ccb4783]
	chromedriver!GetHandleVerifier [0x7ff67d33476b+42132b]
	chromedriver!GetHandleVerifier [0x7ff67d35fcf2+44c8b2]
	chromedriver!GetHandleVerifier [0x7ff67d353c9e+44085e]
	chromedriver!GetHandleVerifier [0x7ff67d014e3e+1019fe]
	chromedriver!(No symbol) [0x7ff67ce49f6c]
	chromedriver!(No symbol) [0x7ff67ce45c44]
	chromedriver!(No symbol) [0x7ff67ce45dd4]
	chromedriver!(No symbol) [0x7ff67ce30cbc]
	KERNEL32!BaseThreadInitThunk [0x7ffe8b9accb7+17]
	ntdll!RtlUserThreadStart [0x7ffe8d28ad6c+2c]
). Navegando a https://gesdoc.uis.edu.co/share/page/repository
2026-09-01 13:44:14 | WARNING  | alfresco_extractor:219 | Tras navegar a 'https://gesdoc.uis.edu.co/share/page/repository' no se detectó la raíz 'REPOSITORIO_UIS_0002' del árbol.
2026-09-01 13:44:41 | INFO     | alfresco_extractor:723 | Traza: REPOSITORIO | REPOSITORIO_UIS_0002 | NO
2026-09-01 13:44:41 | ERROR    | alfresco_extractor:607 | No se encontró el nodo raíz 'REPOSITORIO_UIS_0002'.
2026-09-01 13:44:41 | INFO     | alfresco_extractor:876 | [188/749] '0234_2026008572_7046' -> NO ENCONTRADO
2026-09-01 13:44:41 | INFO     | alfresco_extractor:677 | Buscando ruta UAA='1188_IPRED' | SERIE='C09_CONTRATOS' | SUB-SERIE='C09.10_ORDEN_PAGO'
2026-09-01 13:44:58 | WARNING  | alfresco_extractor:528 | Fast path: caja de búsqueda del header no disponible.
2026-09-01 13:44:58 | WARNING  | alfresco_extractor:691 | Fast path sin éxito para '0234_2026008719_7046'; se restaura el árbol y se usa la ruta oficial.
2026-09-01 13:45:19 | WARNING  | alfresco_extractor:204 | No se pudo clicar el menú 'Repositorio' (Message: 
Stacktrace:
	chromedriver!GetHandleVerifier [0x7ff67cf18a65+5625]
	chromedriver!(No symbol) [0x7ff67ce3ce10]
	chromedriver!(No symbol) [0x7ff67cc65f8d]
	chromedriver!(No symbol) [0x7ff67ccc13ea]
	chromedriver!(No symbol) [0x7ff67ccc16fc]
	chromedriver!(No symbol) [0x7ff67cd122f7]
	chromedriver!(No symbol) [0x7ff67cd0eef1]
	chromedriver!(No symbol) [0x7ff67ccb384b]
	chromedriver!(No symbol) [0x7ff67ccb4783]
	chromedriver!GetHandleVerifier [0x7ff67d33476b+42132b]
	chromedriver!GetHandleVerifier [0x7ff67d35fcf2+44c8b2]
	chromedriver!GetHandleVerifier [0x7ff67d353c9e+44085e]
	chromedriver!GetHandleVerifier [0x7ff67d014e3e+1019fe]
	chromedriver!(No symbol) [0x7ff67ce49f6c]
	chromedriver!(No symbol) [0x7ff67ce45c44]
	chromedriver!(No symbol) [0x7ff67ce45dd4]
	chromedriver!(No symbol) [0x7ff67ce30cbc]
	KERNEL32!BaseThreadInitThunk [0x7ffe8b9accb7+17]
	ntdll!RtlUserThreadStart [0x7ffe8d28ad6c+2c]
). Navegando a https://gesdoc.uis.edu.co/share/page/repository
2026-09-01 13:45:52 | WARNING  | alfresco_extractor:219 | Tras navegar a 'https://gesdoc.uis.edu.co/share/page/repository' no se detectó la raíz 'REPOSITORIO_UIS_0002' del árbol.
2026-09-01 13:46:19 | INFO     | alfresco_extractor:723 | Traza: REPOSITORIO | REPOSITORIO_UIS_0002 | NO
2026-09-01 13:46:19 | ERROR    | alfresco_extractor:607 | No se encontró el nodo raíz 'REPOSITORIO_UIS_0002'.
2026-09-01 13:46:19 | INFO     | alfresco_extractor:876 | [189/749] '0234_2026008719_7046' -> NO ENCONTRADO
2026-09-01 13:46:19 | INFO     | alfresco_extractor:677 | Buscando ruta UAA='1188_IPRED' | SERIE='C09_CONTRATOS' | SUB-SERIE='C09.10_ORDEN_PAGO'
2026-09-01 13:46:35 | WARNING  | alfresco_extractor:528 | Fast path: caja de búsqueda del header no disponible.
2026-09-01 13:46:35 | WARNING  | alfresco_extractor:691 | Fast path sin éxito para '0234_2026008902_7046'; se restaura el árbol y se usa la ruta oficial.
2026-09-01 13:46:57 | WARNING  | alfresco_extractor:204 | No se pudo clicar el menú 'Repositorio' (Message: 
Stacktrace:
	chromedriver!GetHandleVerifier [0x7ff67cf18a65+5625]
	chromedriver!(No symbol) [0x7ff67ce3ce10]
	chromedriver!(No symbol) [0x7ff67cc65f8d]
	chromedriver!(No symbol) [0x7ff67ccc13ea]
	chromedriver!(No symbol) [0x7ff67ccc16fc]
	chromedriver!(No symbol) [0x7ff67cd122f7]
	chromedriver!(No symbol) [0x7ff67cd0eef1]
	chromedriver!(No symbol) [0x7ff67ccb384b]
	chromedriver!(No symbol) [0x7ff67ccb4783]
	chromedriver!GetHandleVerifier [0x7ff67d33476b+42132b]
	chromedriver!GetHandleVerifier [0x7ff67d35fcf2+44c8b2]
	chromedriver!GetHandleVerifier [0x7ff67d353c9e+44085e]
	chromedriver!GetHandleVerifier [0x7ff67d014e3e+1019fe]
	chromedriver!(No symbol) [0x7ff67ce49f6c]
	chromedriver!(No symbol) [0x7ff67ce45c44]
	chromedriver!(No symbol) [0x7ff67ce45dd4]
	chromedriver!(No symbol) [0x7ff67ce30cbc]
	KERNEL32!BaseThreadInitThunk [0x7ffe8b9accb7+17]
	ntdll!RtlUserThreadStart [0x7ffe8d28ad6c+2c]
). Navegando a https://gesdoc.uis.edu.co/share/page/repository
2026-09-01 13:47:30 | WARNING  | alfresco_extractor:219 | Tras navegar a 'https://gesdoc.uis.edu.co/share/page/repository' no se detectó la raíz 'REPOSITORIO_UIS_0002' del árbol.
2026-09-01 13:47:57 | INFO     | alfresco_extractor:723 | Traza: REPOSITORIO | REPOSITORIO_UIS_0002 | NO
2026-09-01 13:47:57 | ERROR    | alfresco_extractor:607 | No se encontró el nodo raíz 'REPOSITORIO_UIS_0002'.
2026-09-01 13:47:57 | INFO     | alfresco_extractor:876 | [190/749] '0234_2026008902_7046' -> NO ENCONTRADO
2026-09-01 13:47:57 | INFO     | alfresco_extractor:677 | Buscando ruta UAA='1188_IPRED' | SERIE='C09_CONTRATOS' | SUB-SERIE='C09.10_ORDEN_PAGO'
2026-09-01 13:48:13 | WARNING  | alfresco_extractor:528 | Fast path: caja de búsqueda del header no disponible.
2026-09-01 13:48:13 | WARNING  | alfresco_extractor:691 | Fast path sin éxito para '0234_2026009189_7046'; se restaura el árbol y se usa la ruta oficial.
2026-09-01 13:48:35 | WARNING  | alfresco_extractor:204 | No se pudo clicar el menú 'Repositorio' (Message: 
Stacktrace:
	chromedriver!GetHandleVerifier [0x7ff67cf18a65+5625]
	chromedriver!(No symbol) [0x7ff67ce3ce10]
	chromedriver!(No symbol) [0x7ff67cc65f8d]
	chromedriver!(No symbol) [0x7ff67ccc13ea]
	chromedriver!(No symbol) [0x7ff67ccc16fc]
	chromedriver!(No symbol) [0x7ff67cd122f7]
	chromedriver!(No symbol) [0x7ff67cd0eef1]
	chromedriver!(No symbol) [0x7ff67ccb384b]
	chromedriver!(No symbol) [0x7ff67ccb4783]
	chromedriver!GetHandleVerifier [0x7ff67d33476b+42132b]
	chromedriver!GetHandleVerifier [0x7ff67d35fcf2+44c8b2]
	chromedriver!GetHandleVerifier [0x7ff67d353c9e+44085e]
	chromedriver!GetHandleVerifier [0x7ff67d014e3e+1019fe]
	chromedriver!(No symbol) [0x7ff67ce49f6c]
	chromedriver!(No symbol) [0x7ff67ce45c44]
	chromedriver!(No symbol) [0x7ff67ce45dd4]
	chromedriver!(No symbol) [0x7ff67ce30cbc]
	KERNEL32!BaseThreadInitThunk [0x7ffe8b9accb7+17]
	ntdll!RtlUserThreadStart [0x7ffe8d28ad6c+2c]
). Navegando a https://gesdoc.uis.edu.co/share/page/repository
2026-09-01 13:49:07 | WARNING  | alfresco_extractor:219 | Tras navegar a 'https://gesdoc.uis.edu.co/share/page/repository' no se detectó la raíz 'REPOSITORIO_UIS_0002' del árbol.
2026-09-01 13:49:35 | INFO     | alfresco_extractor:723 | Traza: REPOSITORIO | REPOSITORIO_UIS_0002 | NO
2026-09-01 13:49:35 | ERROR    | alfresco_extractor:607 | No se encontró el nodo raíz 'REPOSITORIO_UIS_0002'.
2026-09-01 13:49:35 | INFO     | alfresco_extractor:876 | [191/749] '0234_2026009189_7046' -> NO ENCONTRADO
2026-09-01 13:49:35 | INFO     | alfresco_extractor:677 | Buscando ruta UAA='1188_IPRED' | SERIE='C09_CONTRATOS' | SUB-SERIE='C09.10_ORDEN_PAGO'
2026-09-01 13:49:51 | WARNING  | alfresco_extractor:528 | Fast path: caja de búsqueda del header no disponible.
2026-09-01 13:49:51 | WARNING  | alfresco_extractor:691 | Fast path sin éxito para '0234_2026009192_7046'; se restaura el árbol y se usa la ruta oficial.
2026-09-01 13:50:12 | WARNING  | alfresco_extractor:204 | No se pudo clicar el menú 'Repositorio' (Message: 
Stacktrace:
	chromedriver!GetHandleVerifier [0x7ff67cf18a65+5625]
	chromedriver!(No symbol) [0x7ff67ce3ce10]
	chromedriver!(No symbol) [0x7ff67cc65f8d]
	chromedriver!(No symbol) [0x7ff67ccc13ea]
	chromedriver!(No symbol) [0x7ff67ccc16fc]
	chromedriver!(No symbol) [0x7ff67cd122f7]
	chromedriver!(No symbol) [0x7ff67cd0eef1]
	chromedriver!(No symbol) [0x7ff67ccb384b]
	chromedriver!(No symbol) [0x7ff67ccb4783]
	chromedriver!GetHandleVerifier [0x7ff67d33476b+42132b]
	chromedriver!GetHandleVerifier [0x7ff67d35fcf2+44c8b2]
	chromedriver!GetHandleVerifier [0x7ff67d353c9e+44085e]
	chromedriver!GetHandleVerifier [0x7ff67d014e3e+1019fe]
	chromedriver!(No symbol) [0x7ff67ce49f6c]
	chromedriver!(No symbol) [0x7ff67ce45c44]
	chromedriver!(No symbol) [0x7ff67ce45dd4]
	chromedriver!(No symbol) [0x7ff67ce30cbc]
	KERNEL32!BaseThreadInitThunk [0x7ffe8b9accb7+17]
	ntdll!RtlUserThreadStart [0x7ffe8d28ad6c+2c]
). Navegando a https://gesdoc.uis.edu.co/share/page/repository
2026-09-01 13:50:45 | WARNING  | alfresco_extractor:219 | Tras navegar a 'https://gesdoc.uis.edu.co/share/page/repository' no se detectó la raíz 'REPOSITORIO_UIS_0002' del árbol.
2026-09-01 13:51:12 | INFO     | alfresco_extractor:723 | Traza: REPOSITORIO | REPOSITORIO_UIS_0002 | NO
2026-09-01 13:51:12 | ERROR    | alfresco_extractor:607 | No se encontró el nodo raíz 'REPOSITORIO_UIS_0002'.
2026-09-01 13:51:12 | INFO     | alfresco_extractor:876 | [192/749] '0234_2026009192_7046' -> NO ENCONTRADO
2026-09-01 13:51:12 | INFO     | alfresco_extractor:677 | Buscando ruta UAA='1188_IPRED' | SERIE='C09_CONTRATOS' | SUB-SERIE='C09.10_ORDEN_PAGO'
2026-09-01 13:51:28 | WARNING  | alfresco_extractor:528 | Fast path: caja de búsqueda del header no disponible.
2026-09-01 13:51:28 | WARNING  | alfresco_extractor:691 | Fast path sin éxito para '0234_2026009198_7046'; se restaura el árbol y se usa la ruta oficial.
2026-09-01 13:51:50 | WARNING  | alfresco_extractor:204 | No se pudo clicar el menú 'Repositorio' (Message: 
Stacktrace:
	chromedriver!GetHandleVerifier [0x7ff67cf18a65+5625]
	chromedriver!(No symbol) [0x7ff67ce3ce10]
	chromedriver!(No symbol) [0x7ff67cc65f8d]
	chromedriver!(No symbol) [0x7ff67ccc13ea]
	chromedriver!(No symbol) [0x7ff67ccc16fc]
	chromedriver!(No symbol) [0x7ff67cd122f7]
	chromedriver!(No symbol) [0x7ff67cd0eef1]
	chromedriver!(No symbol) [0x7ff67ccb384b]
	chromedriver!(No symbol) [0x7ff67ccb4783]
	chromedriver!GetHandleVerifier [0x7ff67d33476b+42132b]
	chromedriver!GetHandleVerifier [0x7ff67d35fcf2+44c8b2]
	chromedriver!GetHandleVerifier [0x7ff67d353c9e+44085e]
	chromedriver!GetHandleVerifier [0x7ff67d014e3e+1019fe]
	chromedriver!(No symbol) [0x7ff67ce49f6c]
	chromedriver!(No symbol) [0x7ff67ce45c44]
	chromedriver!(No symbol) [0x7ff67ce45dd4]
	chromedriver!(No symbol) [0x7ff67ce30cbc]
	KERNEL32!BaseThreadInitThunk [0x7ffe8b9accb7+17]
	ntdll!RtlUserThreadStart [0x7ffe8d28ad6c+2c]
). Navegando a https://gesdoc.uis.edu.co/share/page/repository
2026-09-01 13:52:23 | WARNING  | alfresco_extractor:219 | Tras navegar a 'https://gesdoc.uis.edu.co/share/page/repository' no se detectó la raíz 'REPOSITORIO_UIS_0002' del árbol.
2026-09-01 13:52:50 | INFO     | alfresco_extractor:723 | Traza: REPOSITORIO | REPOSITORIO_UIS_0002 | NO
2026-09-01 13:52:50 | ERROR    | alfresco_extractor:607 | No se encontró el nodo raíz 'REPOSITORIO_UIS_0002'.
2026-09-01 13:52:50 | INFO     | alfresco_extractor:876 | [193/749] '0234_2026009198_7046' -> NO ENCONTRADO
2026-09-01 13:52:50 | INFO     | alfresco_extractor:677 | Buscando ruta UAA='1188_IPRED' | SERIE='C09_CONTRATOS' | SUB-SERIE='C09.10_ORDEN_PAGO'
2026-09-01 13:53:06 | WARNING  | alfresco_extractor:528 | Fast path: caja de búsqueda del header no disponible.
2026-09-01 13:53:06 | WARNING  | alfresco_extractor:691 | Fast path sin éxito para '0234_2026009801_7046'; se restaura el árbol y se usa la ruta oficial.
2026-09-01 13:53:28 | WARNING  | alfresco_extractor:204 | No se pudo clicar el menú 'Repositorio' (Message: 
Stacktrace:
	chromedriver!GetHandleVerifier [0x7ff67cf18a65+5625]
	chromedriver!(No symbol) [0x7ff67ce3ce10]
	chromedriver!(No symbol) [0x7ff67cc65f8d]
	chromedriver!(No symbol) [0x7ff67ccc13ea]
	chromedriver!(No symbol) [0x7ff67ccc16fc]
	chromedriver!(No symbol) [0x7ff67cd122f7]
	chromedriver!(No symbol) [0x7ff67cd0eef1]
	chromedriver!(No symbol) [0x7ff67ccb384b]
	chromedriver!(No symbol) [0x7ff67ccb4783]
	chromedriver!GetHandleVerifier [0x7ff67d33476b+42132b]
	chromedriver!GetHandleVerifier [0x7ff67d35fcf2+44c8b2]
	chromedriver!GetHandleVerifier [0x7ff67d353c9e+44085e]
	chromedriver!GetHandleVerifier [0x7ff67d014e3e+1019fe]
	chromedriver!(No symbol) [0x7ff67ce49f6c]
	chromedriver!(No symbol) [0x7ff67ce45c44]
	chromedriver!(No symbol) [0x7ff67ce45dd4]
	chromedriver!(No symbol) [0x7ff67ce30cbc]
	KERNEL32!BaseThreadInitThunk [0x7ffe8b9accb7+17]
	ntdll!RtlUserThreadStart [0x7ffe8d28ad6c+2c]
). Navegando a https://gesdoc.uis.edu.co/share/page/repository
2026-09-01 13:54:01 | WARNING  | alfresco_extractor:219 | Tras navegar a 'https://gesdoc.uis.edu.co/share/page/repository' no se detectó la raíz 'REPOSITORIO_UIS_0002' del árbol.
2026-09-01 13:54:28 | INFO     | alfresco_extractor:723 | Traza: REPOSITORIO | REPOSITORIO_UIS_0002 | NO
2026-09-01 13:54:28 | ERROR    | alfresco_extractor:607 | No se encontró el nodo raíz 'REPOSITORIO_UIS_0002'.
2026-09-01 13:54:28 | INFO     | alfresco_extractor:876 | [194/749] '0234_2026009801_7046' -> NO ENCONTRADO
2026-09-01 13:54:28 | INFO     | alfresco_extractor:677 | Buscando ruta UAA='1188_IPRED' | SERIE='C09_CONTRATOS' | SUB-SERIE='C09.10_ORDEN_PAGO'
2026-09-01 13:54:44 | WARNING  | alfresco_extractor:528 | Fast path: caja de búsqueda del header no disponible.
2026-09-01 13:54:44 | WARNING  | alfresco_extractor:691 | Fast path sin éxito para '0234_2026009803_7046'; se restaura el árbol y se usa la ruta oficial.
2026-09-01 13:55:06 | WARNING  | alfresco_extractor:204 | No se pudo clicar el menú 'Repositorio' (Message: 
Stacktrace:
	chromedriver!GetHandleVerifier [0x7ff67cf18a65+5625]
	chromedriver!(No symbol) [0x7ff67ce3ce10]
	chromedriver!(No symbol) [0x7ff67cc65f8d]
	chromedriver!(No symbol) [0x7ff67ccc13ea]
	chromedriver!(No symbol) [0x7ff67ccc16fc]
	chromedriver!(No symbol) [0x7ff67cd122f7]
	chromedriver!(No symbol) [0x7ff67cd0eef1]
	chromedriver!(No symbol) [0x7ff67ccb384b]
	chromedriver!(No symbol) [0x7ff67ccb4783]
	chromedriver!GetHandleVerifier [0x7ff67d33476b+42132b]
	chromedriver!GetHandleVerifier [0x7ff67d35fcf2+44c8b2]
	chromedriver!GetHandleVerifier [0x7ff67d353c9e+44085e]
	chromedriver!GetHandleVerifier [0x7ff67d014e3e+1019fe]
	chromedriver!(No symbol) [0x7ff67ce49f6c]
	chromedriver!(No symbol) [0x7ff67ce45c44]
	chromedriver!(No symbol) [0x7ff67ce45dd4]
	chromedriver!(No symbol) [0x7ff67ce30cbc]
	KERNEL32!BaseThreadInitThunk [0x7ffe8b9accb7+17]
	ntdll!RtlUserThreadStart [0x7ffe8d28ad6c+2c]
). Navegando a https://gesdoc.uis.edu.co/share/page/repository
2026-09-01 13:55:39 | WARNING  | alfresco_extractor:219 | Tras navegar a 'https://gesdoc.uis.edu.co/share/page/repository' no se detectó la raíz 'REPOSITORIO_UIS_0002' del árbol.
2026-09-01 13:56:06 | INFO     | alfresco_extractor:723 | Traza: REPOSITORIO | REPOSITORIO_UIS_0002 | NO
2026-09-01 13:56:06 | ERROR    | alfresco_extractor:607 | No se encontró el nodo raíz 'REPOSITORIO_UIS_0002'.
2026-09-01 13:56:06 | INFO     | alfresco_extractor:876 | [195/749] '0234_2026009803_7046' -> NO ENCONTRADO
2026-09-01 13:56:06 | INFO     | alfresco_extractor:677 | Buscando ruta UAA='1188_IPRED' | SERIE='C09_CONTRATOS' | SUB-SERIE='C09.10_ORDEN_PAGO'
2026-09-01 13:56:22 | WARNING  | alfresco_extractor:528 | Fast path: caja de búsqueda del header no disponible.
2026-09-01 13:56:22 | WARNING  | alfresco_extractor:691 | Fast path sin éxito para '0234_2026009823_7046'; se restaura el árbol y se usa la ruta oficial.
2026-09-01 13:56:43 | WARNING  | alfresco_extractor:204 | No se pudo clicar el menú 'Repositorio' (Message: 
Stacktrace:
	chromedriver!GetHandleVerifier [0x7ff67cf18a65+5625]
	chromedriver!(No symbol) [0x7ff67ce3ce10]
	chromedriver!(No symbol) [0x7ff67cc65f8d]
	chromedriver!(No symbol) [0x7ff67ccc13ea]
	chromedriver!(No symbol) [0x7ff67ccc16fc]
	chromedriver!(No symbol) [0x7ff67cd122f7]
	chromedriver!(No symbol) [0x7ff67cd0eef1]
	chromedriver!(No symbol) [0x7ff67ccb384b]
	chromedriver!(No symbol) [0x7ff67ccb4783]
	chromedriver!GetHandleVerifier [0x7ff67d33476b+42132b]
	chromedriver!GetHandleVerifier [0x7ff67d35fcf2+44c8b2]
	chromedriver!GetHandleVerifier [0x7ff67d353c9e+44085e]
	chromedriver!GetHandleVerifier [0x7ff67d014e3e+1019fe]
	chromedriver!(No symbol) [0x7ff67ce49f6c]
	chromedriver!(No symbol) [0x7ff67ce45c44]
	chromedriver!(No symbol) [0x7ff67ce45dd4]
	chromedriver!(No symbol) [0x7ff67ce30cbc]
	KERNEL32!BaseThreadInitThunk [0x7ffe8b9accb7+17]
	ntdll!RtlUserThreadStart [0x7ffe8d28ad6c+2c]
). Navegando a https://gesdoc.uis.edu.co/share/page/repository
2026-09-01 13:57:16 | WARNING  | alfresco_extractor:219 | Tras navegar a 'https://gesdoc.uis.edu.co/share/page/repository' no se detectó la raíz 'REPOSITORIO_UIS_0002' del árbol.
2026-09-01 13:57:43 | INFO     | alfresco_extractor:723 | Traza: REPOSITORIO | REPOSITORIO_UIS_0002 | NO
2026-09-01 13:57:43 | ERROR    | alfresco_extractor:607 | No se encontró el nodo raíz 'REPOSITORIO_UIS_0002'.
2026-09-01 13:57:43 | INFO     | alfresco_extractor:876 | [196/749] '0234_2026009823_7046' -> NO ENCONTRADO
2026-09-01 13:57:43 | INFO     | alfresco_extractor:677 | Buscando ruta UAA='1188_IPRED' | SERIE='C09_CONTRATOS' | SUB-SERIE='C09.10_ORDEN_PAGO'
2026-09-01 13:58:00 | WARNING  | alfresco_extractor:528 | Fast path: caja de búsqueda del header no disponible.
2026-09-01 13:58:00 | WARNING  | alfresco_extractor:691 | Fast path sin éxito para '0234_2026010075_7046'; se restaura el árbol y se usa la ruta oficial.
2026-09-01 13:58:21 | WARNING  | alfresco_extractor:204 | No se pudo clicar el menú 'Repositorio' (Message: 
Stacktrace:
	chromedriver!GetHandleVerifier [0x7ff67cf18a65+5625]
	chromedriver!(No symbol) [0x7ff67ce3ce10]
	chromedriver!(No symbol) [0x7ff67cc65f8d]
	chromedriver!(No symbol) [0x7ff67ccc13ea]
	chromedriver!(No symbol) [0x7ff67ccc16fc]
	chromedriver!(No symbol) [0x7ff67cd122f7]
	chromedriver!(No symbol) [0x7ff67cd0eef1]
	chromedriver!(No symbol) [0x7ff67ccb384b]
	chromedriver!(No symbol) [0x7ff67ccb4783]
	chromedriver!GetHandleVerifier [0x7ff67d33476b+42132b]
	chromedriver!GetHandleVerifier [0x7ff67d35fcf2+44c8b2]
	chromedriver!GetHandleVerifier [0x7ff67d353c9e+44085e]
	chromedriver!GetHandleVerifier [0x7ff67d014e3e+1019fe]
	chromedriver!(No symbol) [0x7ff67ce49f6c]
	chromedriver!(No symbol) [0x7ff67ce45c44]
	chromedriver!(No symbol) [0x7ff67ce45dd4]
	chromedriver!(No symbol) [0x7ff67ce30cbc]
	KERNEL32!BaseThreadInitThunk [0x7ffe8b9accb7+17]
	ntdll!RtlUserThreadStart [0x7ffe8d28ad6c+2c]
). Navegando a https://gesdoc.uis.edu.co/share/page/repository
2026-09-01 13:58:54 | WARNING  | alfresco_extractor:219 | Tras navegar a 'https://gesdoc.uis.edu.co/share/page/repository' no se detectó la raíz 'REPOSITORIO_UIS_0002' del árbol.
2026-09-01 13:59:21 | INFO     | alfresco_extractor:723 | Traza: REPOSITORIO | REPOSITORIO_UIS_0002 | NO
2026-09-01 13:59:21 | ERROR    | alfresco_extractor:607 | No se encontró el nodo raíz 'REPOSITORIO_UIS_0002'.
2026-09-01 13:59:21 | INFO     | alfresco_extractor:876 | [197/749] '0234_2026010075_7046' -> NO ENCONTRADO
2026-09-01 13:59:21 | INFO     | alfresco_extractor:677 | Buscando ruta UAA='1188_IPRED' | SERIE='C09_CONTRATOS' | SUB-SERIE='C09.10_ORDEN_PAGO'
2026-09-01 13:59:37 | WARNING  | alfresco_extractor:528 | Fast path: caja de búsqueda del header no disponible.
2026-09-01 13:59:37 | WARNING  | alfresco_extractor:691 | Fast path sin éxito para '0234_2026010134_7046'; se restaura el árbol y se usa la ruta oficial.
2026-09-01 14:00:04 | INFO     | main:222 | Proceso interrumpido por el usuario.
2026-09-01 14:00:04 | INFO     | limpieza:98 | Limpieza finalizada: 0 archivos purgados (logs de ejecución=0, HTML de diagnóstico=0, capturas de pantalla=0, consolidados con marca de tiempo=0, reportes contrato=0, reportes convenio=0, reportes proyecto=0).
